serial,lead_type,mark,date,correspondent,phone,email
78909616,deadAbandoned,HAPPY JEANS,"May 17, 2007",Karl Benjamin,,
78909456,REQUEST_FAILED,,,,,
78909559,REQUEST_FAILED,,,,,
78909653,REQUEST_FAILED,,,,,
78909645,REQUEST_FAILED,,,,,
78909834,deadAbandoned,GRAND TRAVERSE,"May 03, 2007","International Plant Management, Inc.",,wgale@cybersol.com
78909687,REQUEST_FAILED,,,,,
78909823,deadAbandoned,NUGENT,"May 02, 2007","International Plant Management, Inc.",,wgale@cybersol.com
78909829,REQUEST_FAILED,,,,,
78910043,REQUEST_FAILED,,,,,
78910058,REQUEST_FAILED,,,,,
78910065,REQUEST_FAILED,,,,,
78910123,deadAbandoned,CORI,"May 21, 2007","MSO Medical, Inc.",,
78910127,deadAbandoned,ANTONIO'S CAFÉ,"Jun. 02, 2007","Antonio's Latin American Cuisine, LLC",,antonios.cafe@verizon.net
78910089,REQUEST_FAILED,,,,,
78910103,REQUEST_FAILED,,,,,
78910121,REQUEST_FAILED,,,,,
78910258,REQUEST_FAILED,,,,,
78910547,deadAbandoned,MSO MEDICAL,"May 21, 2007","MSO Medical, Inc.",,
78910443,REQUEST_FAILED,,,,,
78910438,REQUEST_FAILED,,,,,
78910592,deadAbandoned,SEAFOOD FOR DINNER,"May 21, 2007",Western United Fish Company,,
78910473,REQUEST_FAILED,,,,,
78910635,deadAbandoned,BAMBINO BOOT CAMP,"Jun. 06, 2007","Carroll, Laurel, A",,laurel@ancientcurrent.com
78910550,REQUEST_FAILED,,,,,
78910597,REQUEST_FAILED,,,,,
78910684,deadAbandoned,I-SENSE,"May 23, 2007",i-sense software oHG,,marketing@i-sense.biz
78910665,REQUEST_FAILED,,,,,
78910674,REQUEST_FAILED,,,,,
78910728,REQUEST_FAILED,,,,,
78910776,deadAbandoned,UNION,"May 22, 2007","Gu, Jungang",,kenny@ky-union.com
78910763,REQUEST_FAILED,,,,,
78910808,deadAbandoned,UNI BAR,"Dec. 13, 2007","Ricci, Peter Anthony",,peterricci2002@gmail.com
78910792,REQUEST_FAILED,,,,,
78910859,deadAbandoned,LASERTROLYSIS,"Jun. 06, 2007",Patricia Bardavid,,pbardavid@yahoo.com
78910795,REQUEST_FAILED,,,,,
78911000,REQUEST_FAILED,,,,,
78910943,REQUEST_FAILED,,,,,
78911109,deadAbandoned,POINTCHECK,"Jun. 02, 2007",InfoGraph Ltd.,,agis@infograph.net
78911052,REQUEST_FAILED,,,,,
78911092,REQUEST_FAILED,,,,,
78911118,REQUEST_FAILED,,,,,
78911194,REQUEST_FAILED,,,,,
78911274,deadAbandoned,TEQUILA EL TESORO DE MI TIERRA,"Jun. 12, 2007","INTEGRADORA SAN AGUSTÍN, S.A. DE C.V.",,
78911295,deadAbandoned,A LUCKY DOG,"Mar. 15, 2007",DJJ's A Lucky Dog LLC,,dlem@aluckydog.com
78911268,REQUEST_FAILED,,,,,
78911349,REQUEST_FAILED,,,,,
78911381,REQUEST_FAILED,,,,,
78911584,deadAbandoned,SXGEN,"May 21, 2007","Dana Pacific, Inc.",,dgrettner@danapacific.com
78911539,REQUEST_FAILED,,,,,
78911602,REQUEST_FAILED,,,,,
78911609,REQUEST_FAILED,,,,,
78911791,deadAbandoned,DOGGIE ORGANICS,"May 01, 2007","FIREMAN, ANDREW F",,afireman2003@comcast.net
78911797,REQUEST_FAILED,,,,,
78911808,REQUEST_FAILED,,,,,
78911821,REQUEST_FAILED,,,,,
78911845,REQUEST_FAILED,,,,,
78912036,deadAbandoned,AQUA MOBILE,"May 23, 2007",Get Mobile Inc.,,rchah92126@aol.com
78912098,deadAbandoned,KATHRYN JAMES,"Jun. 01, 2007",Kathryn Chester,,nikysyrengelas@crockett-crockett.com
78912033,REQUEST_FAILED,,,,,
78912135,deadAbandoned,GRAND DADDY PURPLE,"Jun. 12, 2007","Donahue, Stephen",,falcon.steve@gmail.com
78912045,REQUEST_FAILED,,,,,
78912295,REQUEST_FAILED,,,,,
78912303,REQUEST_FAILED,,,,,
78912388,REQUEST_FAILED,,,,,
78912584,REQUEST_FAILED,,,,,
78912759,deadAbandoned,KOLOSEUM NUTRITIONAL SCIENCES KNS,"Aug. 21, 2007","Titan Nutrition, Inc.",,rrobinette@koloseum.com
78912624,REQUEST_FAILED,,,,,
78912674,deadAbandoned,LOANJET,"May 22, 2007","khong,ashley",,
78912830,deadAbandoned,INTEGRATIVE LOGIC,"Jun. 01, 2007",integrative logic,,lynne@integrativelogic.com
78912792,REQUEST_FAILED,,,,,
78912795,REQUEST_FAILED,,,,,
78912803,REQUEST_FAILED,,,,,
78912839,REQUEST_FAILED,,,,,
78912847,REQUEST_FAILED,,,,,
78912864,REQUEST_FAILED,,,,,
78912885,deadAbandoned,PULSE DOSE,"May 28, 2007",NeuroTherm Limited,,
78913056,deadAbandoned,STONEWORKS,"Aug. 29, 2007",Stoneworks Asset Management LLP,,jeff.sims@stoneworksllp.com
78912930,REQUEST_FAILED,,,,,
78912999,REQUEST_FAILED,,,,,
78913069,REQUEST_FAILED,,,,,
78913158,deadAbandoned,UNION PLANTERS CAPITAL MANAGEMENT,"Jun. 07, 2007","Mayer, William W.",,mayerww@yahoo.com
78913111,REQUEST_FAILED,,,,,
78913234,deadAbandoned,SOXBABE,"May 17, 2007","RICARDO, ENRIQUEZ",,lauralynn1167@aol.com
78913288,deadAbandoned,"NO FU FU, I WANT THE REAL THING","Oct. 26, 2007","thomas, robert f.",,bthom9@bellsouth.net
78913177,REQUEST_FAILED,,,,,
78913193,REQUEST_FAILED,,,,,
78913318,REQUEST_FAILED,,,,,
78913476,REQUEST_FAILED,,,,,
78913510,REQUEST_FAILED,,,,,
78913533,REQUEST_FAILED,,,,,
78913649,REQUEST_FAILED,,,,,
78913643,REQUEST_FAILED,,,,,
78913706,REQUEST_FAILED,,,,,
78913860,deadAbandoned,LOS FUNDADORES DEL PASITO DURANGUENSE,"May 28, 2007",Ismael B. Mijarez,,cepedaroberto@yahoo.com
78913851,deadAbandoned,INGLÈS INDIVIDUAL,"Jul. 20, 2007","Gonzalez-Bernal, Gustavo",,gustavo@inglesindividual.com
78913752,REQUEST_FAILED,,,,,
78913835,REQUEST_FAILED,,,,,
78913891,REQUEST_FAILED,,,,,
78914004,deadAbandoned,SWEET TOOTH GENE,"Dec. 13, 2007","SALUGEN, INC.",,
78913995,deadAbandoned,RETAILERS QUERY SYSTEM,"Jun. 04, 2007","Merritt Information Strategies, LLC",,mscanlon@optonline.net
78913945,REQUEST_FAILED,,,,,
78914013,deadAbandoned,NERVOUS EATING GENE,"Dec. 13, 2007","SALUGEN, INC.",,
78913972,REQUEST_FAILED,,,,,
78914019,deadAbandoned,FAT REGULATOR GENE,"Dec. 13, 2007","SALUGEN, INC.",,
78913983,REQUEST_FAILED,,,,,
78914022,deadAbandoned,NEW CELL GENE,"Dec. 13, 2007","SALUGEN, INC.",,
78914009,REQUEST_FAILED,,,,,
78914023,deadAbandoned,OBESITY RISK GENE,"Dec. 13, 2007","Salugen, Inc",,
78914017,REQUEST_FAILED,,,,,
78914073,REQUEST_FAILED,,,,,
78914197,deadAbandoned,SCHENDLER TERRY INC,"Jun. 02, 2007",Schendler-Terry Inc.,,michael.terry1@att.net
78914163,REQUEST_FAILED,,,,,
78914165,REQUEST_FAILED,,,,,
78914189,REQUEST_FAILED,,,,,
78914198,REQUEST_FAILED,,,,,
78914208,REQUEST_FAILED,,,,,
78914226,REQUEST_FAILED,,,,,
78914232,REQUEST_FAILED,,,,,
78914260,REQUEST_FAILED,,,,,
78914278,REQUEST_FAILED,,,,,
78914287,REQUEST_FAILED,,,,,
78914320,REQUEST_FAILED,,,,,
78914318,REQUEST_FAILED,,,,,
78914461,REQUEST_FAILED,,,,,
78914321,REQUEST_FAILED,,,,,
78914473,REQUEST_FAILED,,,,,
78914476,REQUEST_FAILED,,,,,
78914502,REQUEST_FAILED,,,,,
78914534,REQUEST_FAILED,,,,,
78914537,REQUEST_FAILED,,,,,
78914553,REQUEST_FAILED,,,,,
78914557,REQUEST_FAILED,,,,,
78914558,REQUEST_FAILED,,,,,
78914569,REQUEST_FAILED,,,,,
78914578,REQUEST_FAILED,,,,,
78914597,REQUEST_FAILED,,,,,
78914598,REQUEST_FAILED,,,,,
78914604,REQUEST_FAILED,,,,,
78914605,REQUEST_FAILED,,,,,
78914613,REQUEST_FAILED,,,,,
78914638,REQUEST_FAILED,,,,,
78914665,REQUEST_FAILED,,,,,
78914666,REQUEST_FAILED,,,,,
78914724,REQUEST_FAILED,,,,,
78914727,REQUEST_FAILED,,,,,
78914733,REQUEST_FAILED,,,,,
78914742,REQUEST_FAILED,,,,,
78914746,REQUEST_FAILED,,,,,
78914755,REQUEST_FAILED,,,,,
78914821,REQUEST_FAILED,,,,,
78914826,REQUEST_FAILED,,,,,
78914831,REQUEST_FAILED,,,,,
78914841,REQUEST_FAILED,,,,,
78914860,REQUEST_FAILED,,,,,
78914903,REQUEST_FAILED,,,,,
78914915,REQUEST_FAILED,,,,,
78914919,REQUEST_FAILED,,,,,
78914931,REQUEST_FAILED,,,,,
78914932,REQUEST_FAILED,,,,,
78914936,REQUEST_FAILED,,,,,
78914946,REQUEST_FAILED,,,,,
78914949,REQUEST_FAILED,,,,,
78914955,REQUEST_FAILED,,,,,
78914963,REQUEST_FAILED,,,,,
78914958,REQUEST_FAILED,,,,,
78914964,REQUEST_FAILED,,,,,
78914984,REQUEST_FAILED,,,,,
78914996,REQUEST_FAILED,,,,,
78915001,REQUEST_FAILED,,,,,
78915003,REQUEST_FAILED,,,,,
78915036,REQUEST_FAILED,,,,,
78915031,REQUEST_FAILED,,,,,
78915041,REQUEST_FAILED,,,,,
78915047,REQUEST_FAILED,,,,,
78915050,REQUEST_FAILED,,,,,
78915055,REQUEST_FAILED,,,,,
78915070,REQUEST_FAILED,,,,,
78915067,REQUEST_FAILED,,,,,
78915071,REQUEST_FAILED,,,,,
78915075,REQUEST_FAILED,,,,,
78915077,REQUEST_FAILED,,,,,
78915079,REQUEST_FAILED,,,,,
78915084,REQUEST_FAILED,,,,,
78915081,REQUEST_FAILED,,,,,
78915090,REQUEST_FAILED,,,,,
78915091,REQUEST_FAILED,,,,,
78915092,REQUEST_FAILED,,,,,
78915094,REQUEST_FAILED,,,,,
78915095,REQUEST_FAILED,,,,,
78915097,REQUEST_FAILED,,,,,
78915096,REQUEST_FAILED,,,,,
78915109,REQUEST_FAILED,,,,,
78915118,REQUEST_FAILED,,,,,
78915134,REQUEST_FAILED,,,,,
78915123,REQUEST_FAILED,,,,,
78915175,REQUEST_FAILED,,,,,
78915179,REQUEST_FAILED,,,,,
78915200,REQUEST_FAILED,,,,,
78915252,REQUEST_FAILED,,,,,
78915277,REQUEST_FAILED,,,,,
78915283,REQUEST_FAILED,,,,,
78915284,REQUEST_FAILED,,,,,
78915317,REQUEST_FAILED,,,,,
78915344,REQUEST_FAILED,,,,,
78915350,REQUEST_FAILED,,,,,
78915360,REQUEST_FAILED,,,,,
78915378,REQUEST_FAILED,,,,,
78915387,REQUEST_FAILED,,,,,
78915388,REQUEST_FAILED,,,,,
78915391,REQUEST_FAILED,,,,,
78915398,REQUEST_FAILED,,,,,
78915400,REQUEST_FAILED,,,,,
78915399,REQUEST_FAILED,,,,,
78915409,REQUEST_FAILED,,,,,
78915412,REQUEST_FAILED,,,,,
78915423,REQUEST_FAILED,,,,,
78915439,REQUEST_FAILED,,,,,
78915449,REQUEST_FAILED,,,,,
78915447,REQUEST_FAILED,,,,,
78915452,REQUEST_FAILED,,,,,
78915491,REQUEST_FAILED,,,,,
78915502,REQUEST_FAILED,,,,,
78915519,REQUEST_FAILED,,,,,
78915530,REQUEST_FAILED,,,,,
78915566,REQUEST_FAILED,,,,,
78915604,REQUEST_FAILED,,,,,
78915620,REQUEST_FAILED,,,,,
78915631,REQUEST_FAILED,,,,,
78915665,REQUEST_FAILED,,,,,
78915732,REQUEST_FAILED,,,,,
78915749,REQUEST_FAILED,,,,,
78915754,REQUEST_FAILED,,,,,
78915781,REQUEST_FAILED,,,,,
78915797,REQUEST_FAILED,,,,,
78915869,REQUEST_FAILED,,,,,
78915896,REQUEST_FAILED,,,,,
78915910,REQUEST_FAILED,,,,,
78915913,REQUEST_FAILED,,,,,
78915914,REQUEST_FAILED,,,,,
78915923,REQUEST_FAILED,,,,,
78915977,REQUEST_FAILED,,,,,
78915980,REQUEST_FAILED,,,,,
78915985,REQUEST_FAILED,,,,,
78915988,REQUEST_FAILED,,,,,
78915994,REQUEST_FAILED,,,,,
78915999,REQUEST_FAILED,,,,,
78916008,REQUEST_FAILED,,,,,
78916028,REQUEST_FAILED,,,,,
78916037,REQUEST_FAILED,,,,,
78916041,REQUEST_FAILED,,,,,
78916057,REQUEST_FAILED,,,,,
78916089,REQUEST_FAILED,,,,,
78916105,REQUEST_FAILED,,,,,
78916116,REQUEST_FAILED,,,,,
78916118,REQUEST_FAILED,,,,,
78916124,REQUEST_FAILED,,,,,
78916127,REQUEST_FAILED,,,,,
78916138,REQUEST_FAILED,,,,,
78916140,REQUEST_FAILED,,,,,
78916145,REQUEST_FAILED,,,,,
78916146,REQUEST_FAILED,,,,,
78916147,REQUEST_FAILED,,,,,
78916152,REQUEST_FAILED,,,,,
78916153,REQUEST_FAILED,,,,,
78916158,REQUEST_FAILED,,,,,
78916160,REQUEST_FAILED,,,,,
78916164,REQUEST_FAILED,,,,,
78916165,REQUEST_FAILED,,,,,
78916166,REQUEST_FAILED,,,,,
78916167,REQUEST_FAILED,,,,,
78916172,REQUEST_FAILED,,,,,
78916182,REQUEST_FAILED,,,,,
78916187,REQUEST_FAILED,,,,,
78916189,REQUEST_FAILED,,,,,
78916194,REQUEST_FAILED,,,,,
78916196,REQUEST_FAILED,,,,,
78916201,REQUEST_FAILED,,,,,
78916206,REQUEST_FAILED,,,,,
78916207,REQUEST_FAILED,,,,,
78916213,REQUEST_FAILED,,,,,
78916221,REQUEST_FAILED,,,,,
78916224,REQUEST_FAILED,,,,,
78916229,REQUEST_FAILED,,,,,
78916249,REQUEST_FAILED,,,,,
78916253,REQUEST_FAILED,,,,,
78916256,REQUEST_FAILED,,,,,
78916277,REQUEST_FAILED,,,,,
78916281,REQUEST_FAILED,,,,,
78916283,REQUEST_FAILED,,,,,
78916288,REQUEST_FAILED,,,,,
78916290,REQUEST_FAILED,,,,,
78916298,REQUEST_FAILED,,,,,
78916307,REQUEST_FAILED,,,,,
78916315,REQUEST_FAILED,,,,,
78916316,REQUEST_FAILED,,,,,
78916324,REQUEST_FAILED,,,,,
78916325,REQUEST_FAILED,,,,,
78916328,REQUEST_FAILED,,,,,
78916335,REQUEST_FAILED,,,,,
78916346,REQUEST_FAILED,,,,,
78916348,REQUEST_FAILED,,,,,
78916351,REQUEST_FAILED,,,,,
78916356,REQUEST_FAILED,,,,,
78916358,REQUEST_FAILED,,,,,
78916360,REQUEST_FAILED,,,,,
78916364,REQUEST_FAILED,,,,,
78916366,REQUEST_FAILED,,,,,
78916371,REQUEST_FAILED,,,,,
78916382,REQUEST_FAILED,,,,,
78916389,REQUEST_FAILED,,,,,
78916390,REQUEST_FAILED,,,,,
78916398,REQUEST_FAILED,,,,,
78916401,REQUEST_FAILED,,,,,
78916441,REQUEST_FAILED,,,,,
78916443,REQUEST_FAILED,,,,,
78916457,REQUEST_FAILED,,,,,
78916461,REQUEST_FAILED,,,,,
78916470,REQUEST_FAILED,,,,,
78916466,REQUEST_FAILED,,,,,
78916495,REQUEST_FAILED,,,,,
78916503,REQUEST_FAILED,,,,,
78916502,REQUEST_FAILED,,,,,
78916505,REQUEST_FAILED,,,,,
78916515,REQUEST_FAILED,,,,,
78916521,REQUEST_FAILED,,,,,
78916541,REQUEST_FAILED,,,,,
78916554,REQUEST_FAILED,,,,,
78916563,REQUEST_FAILED,,,,,
78916578,REQUEST_FAILED,,,,,
78916591,REQUEST_FAILED,,,,,
78916598,REQUEST_FAILED,,,,,
78916599,REQUEST_FAILED,,,,,
78916602,REQUEST_FAILED,,,,,
78916625,REQUEST_FAILED,,,,,
78916627,REQUEST_FAILED,,,,,
78916650,REQUEST_FAILED,,,,,
78916678,REQUEST_FAILED,,,,,
78916681,REQUEST_FAILED,,,,,
78916684,REQUEST_FAILED,,,,,
78916694,REQUEST_FAILED,,,,,
78916696,REQUEST_FAILED,,,,,
78916716,REQUEST_FAILED,,,,,
78916750,REQUEST_FAILED,,,,,
78916769,REQUEST_FAILED,,,,,
78916771,REQUEST_FAILED,,,,,
78916777,REQUEST_FAILED,,,,,
78916797,REQUEST_FAILED,,,,,
78916839,REQUEST_FAILED,,,,,
78916853,REQUEST_FAILED,,,,,
78916958,REQUEST_FAILED,,,,,
78916959,REQUEST_FAILED,,,,,
78916973,REQUEST_FAILED,,,,,
78916985,REQUEST_FAILED,,,,,
78917001,REQUEST_FAILED,,,,,
78917023,REQUEST_FAILED,,,,,
78917004,REQUEST_FAILED,,,,,
78917029,REQUEST_FAILED,,,,,
78917064,REQUEST_FAILED,,,,,
78917069,REQUEST_FAILED,,,,,
78917077,REQUEST_FAILED,,,,,
78917143,REQUEST_FAILED,,,,,
78917150,REQUEST_FAILED,,,,,
78917153,REQUEST_FAILED,,,,,
78917155,REQUEST_FAILED,,,,,
78917188,REQUEST_FAILED,,,,,
78917191,REQUEST_FAILED,,,,,
78917227,REQUEST_FAILED,,,,,
78917228,REQUEST_FAILED,,,,,
78917229,REQUEST_FAILED,,,,,
78917242,REQUEST_FAILED,,,,,
78917251,REQUEST_FAILED,,,,,
78917259,REQUEST_FAILED,,,,,
78917260,REQUEST_FAILED,,,,,
78917262,REQUEST_FAILED,,,,,
78917275,REQUEST_FAILED,,,,,
78917286,REQUEST_FAILED,,,,,
78917303,REQUEST_FAILED,,,,,
78917306,REQUEST_FAILED,,,,,
78917313,REQUEST_FAILED,,,,,
78917314,REQUEST_FAILED,,,,,
78917316,REQUEST_FAILED,,,,,
78917319,REQUEST_FAILED,,,,,
78917326,REQUEST_FAILED,,,,,
78917327,REQUEST_FAILED,,,,,
78917329,REQUEST_FAILED,,,,,
78917334,REQUEST_FAILED,,,,,
78917336,REQUEST_FAILED,,,,,
78917337,REQUEST_FAILED,,,,,
78917339,REQUEST_FAILED,,,,,
78917340,REQUEST_FAILED,,,,,
78917342,REQUEST_FAILED,,,,,
78917346,REQUEST_FAILED,,,,,
78917348,REQUEST_FAILED,,,,,
78917350,REQUEST_FAILED,,,,,
78917379,REQUEST_FAILED,,,,,
78917381,REQUEST_FAILED,,,,,
78917387,REQUEST_FAILED,,,,,
78917391,REQUEST_FAILED,,,,,
78917401,REQUEST_FAILED,,,,,
78917404,REQUEST_FAILED,,,,,
78917409,REQUEST_FAILED,,,,,
78917412,REQUEST_FAILED,,,,,
78917418,REQUEST_FAILED,,,,,
78917423,REQUEST_FAILED,,,,,
78917424,REQUEST_FAILED,,,,,
78917426,REQUEST_FAILED,,,,,
78917427,REQUEST_FAILED,,,,,
78917435,REQUEST_FAILED,,,,,
78917436,REQUEST_FAILED,,,,,
78917437,REQUEST_FAILED,,,,,
78917443,REQUEST_FAILED,,,,,
78917445,REQUEST_FAILED,,,,,
78917450,REQUEST_FAILED,,,,,
78917464,REQUEST_FAILED,,,,,
78917465,REQUEST_FAILED,,,,,
78917498,REQUEST_FAILED,,,,,
78917514,REQUEST_FAILED,,,,,
78917572,REQUEST_FAILED,,,,,
78917576,REQUEST_FAILED,,,,,
78917585,REQUEST_FAILED,,,,,
78917601,REQUEST_FAILED,,,,,
78917612,REQUEST_FAILED,,,,,
78917634,REQUEST_FAILED,,,,,
78917636,REQUEST_FAILED,,,,,
78917637,REQUEST_FAILED,,,,,
78917641,REQUEST_FAILED,,,,,
78917646,REQUEST_FAILED,,,,,
78917650,REQUEST_FAILED,,,,,
78917659,REQUEST_FAILED,,,,,
78917667,REQUEST_FAILED,,,,,
78917668,REQUEST_FAILED,,,,,
78917691,REQUEST_FAILED,,,,,
78917696,REQUEST_FAILED,,,,,
78917721,REQUEST_FAILED,,,,,
78917738,REQUEST_FAILED,,,,,
78917757,REQUEST_FAILED,,,,,
78917780,REQUEST_FAILED,,,,,
78917772,REQUEST_FAILED,,,,,
78917782,REQUEST_FAILED,,,,,
78917819,REQUEST_FAILED,,,,,
78917842,REQUEST_FAILED,,,,,
78917857,REQUEST_FAILED,,,,,
78917873,REQUEST_FAILED,,,,,
78917890,REQUEST_FAILED,,,,,
78917891,REQUEST_FAILED,,,,,
78917897,REQUEST_FAILED,,,,,
78917902,REQUEST_FAILED,,,,,
78917905,REQUEST_FAILED,,,,,
78917909,REQUEST_FAILED,,,,,
78917910,REQUEST_FAILED,,,,,
78917911,REQUEST_FAILED,,,,,
78917912,REQUEST_FAILED,,,,,
78917914,REQUEST_FAILED,,,,,
78917918,REQUEST_FAILED,,,,,
78917933,REQUEST_FAILED,,,,,
78917939,REQUEST_FAILED,,,,,
78917942,REQUEST_FAILED,,,,,
78917945,REQUEST_FAILED,,,,,
78917949,REQUEST_FAILED,,,,,
78917954,REQUEST_FAILED,,,,,
78917957,REQUEST_FAILED,,,,,
78917970,REQUEST_FAILED,,,,,
78917975,REQUEST_FAILED,,,,,
78917977,REQUEST_FAILED,,,,,
78918002,REQUEST_FAILED,,,,,
78918005,REQUEST_FAILED,,,,,
78918003,REQUEST_FAILED,,,,,
78918006,REQUEST_FAILED,,,,,
78918010,REQUEST_FAILED,,,,,
78918028,REQUEST_FAILED,,,,,
78918034,REQUEST_FAILED,,,,,
78918048,REQUEST_FAILED,,,,,
78918045,REQUEST_FAILED,,,,,
78918066,REQUEST_FAILED,,,,,
78918082,REQUEST_FAILED,,,,,
78918102,REQUEST_FAILED,,,,,
78918111,REQUEST_FAILED,,,,,
78918167,REQUEST_FAILED,,,,,
78918132,REQUEST_FAILED,,,,,
78918210,REQUEST_FAILED,,,,,
78918217,REQUEST_FAILED,,,,,
78918222,REQUEST_FAILED,,,,,
78918239,REQUEST_FAILED,,,,,
78918257,REQUEST_FAILED,,,,,
78918245,REQUEST_FAILED,,,,,
78918267,REQUEST_FAILED,,,,,
78918274,REQUEST_FAILED,,,,,
78918278,REQUEST_FAILED,,,,,
78918283,REQUEST_FAILED,,,,,
78918297,REQUEST_FAILED,,,,,
78918294,REQUEST_FAILED,,,,,
78918309,REQUEST_FAILED,,,,,
78918313,REQUEST_FAILED,,,,,
78918322,REQUEST_FAILED,,,,,
78918328,REQUEST_FAILED,,,,,
78918332,REQUEST_FAILED,,,,,
78918333,REQUEST_FAILED,,,,,
78918338,REQUEST_FAILED,,,,,
78918339,REQUEST_FAILED,,,,,
78918343,REQUEST_FAILED,,,,,
78918353,REQUEST_FAILED,,,,,
78918363,REQUEST_FAILED,,,,,
78918364,REQUEST_FAILED,,,,,
78918368,REQUEST_FAILED,,,,,
78918371,REQUEST_FAILED,,,,,
78918378,REQUEST_FAILED,,,,,
78918387,REQUEST_FAILED,,,,,
78918393,REQUEST_FAILED,,,,,
78918397,REQUEST_FAILED,,,,,
78918407,REQUEST_FAILED,,,,,
78918403,REQUEST_FAILED,,,,,
78918413,REQUEST_FAILED,,,,,
78918414,REQUEST_FAILED,,,,,
78918415,REQUEST_FAILED,,,,,
78918416,REQUEST_FAILED,,,,,
78918419,REQUEST_FAILED,,,,,
78918430,REQUEST_FAILED,,,,,
78918435,REQUEST_FAILED,,,,,
78918455,REQUEST_FAILED,,,,,
78918458,REQUEST_FAILED,,,,,
78918463,REQUEST_FAILED,,,,,
78918516,REQUEST_FAILED,,,,,
78918529,REQUEST_FAILED,,,,,
78918518,REQUEST_FAILED,,,,,
78918530,REQUEST_FAILED,,,,,
78918539,REQUEST_FAILED,,,,,
78918558,REQUEST_FAILED,,,,,
78918581,REQUEST_FAILED,,,,,
78918582,REQUEST_FAILED,,,,,
78918590,REQUEST_FAILED,,,,,
78918599,REQUEST_FAILED,,,,,
78918615,REQUEST_FAILED,,,,,
78918627,REQUEST_FAILED,,,,,
78918634,REQUEST_FAILED,,,,,
78918638,REQUEST_FAILED,,,,,
78918641,REQUEST_FAILED,,,,,
78918643,REQUEST_FAILED,,,,,
78918650,REQUEST_FAILED,,,,,
78918659,REQUEST_FAILED,,,,,
78918672,REQUEST_FAILED,,,,,
78918684,REQUEST_FAILED,,,,,
78918689,REQUEST_FAILED,,,,,
78918709,REQUEST_FAILED,,,,,
78918719,REQUEST_FAILED,,,,,
78918728,REQUEST_FAILED,,,,,
78918731,REQUEST_FAILED,,,,,
78918732,REQUEST_FAILED,,,,,
78918743,REQUEST_FAILED,,,,,
78918761,REQUEST_FAILED,,,,,
78918775,REQUEST_FAILED,,,,,
78918780,REQUEST_FAILED,,,,,
78918782,REQUEST_FAILED,,,,,
78918789,REQUEST_FAILED,,,,,
78918795,REQUEST_FAILED,,,,,
78918802,REQUEST_FAILED,,,,,
78918872,REQUEST_FAILED,,,,,
78918893,REQUEST_FAILED,,,,,
78918894,REQUEST_FAILED,,,,,
78918913,REQUEST_FAILED,,,,,
78918931,REQUEST_FAILED,,,,,
78918937,REQUEST_FAILED,,,,,
78918939,REQUEST_FAILED,,,,,
78918988,REQUEST_FAILED,,,,,
78918993,REQUEST_FAILED,,,,,
78919050,REQUEST_FAILED,,,,,
78919051,REQUEST_FAILED,,,,,
78919091,REQUEST_FAILED,,,,,
78919080,REQUEST_FAILED,,,,,
78919099,REQUEST_FAILED,,,,,
78919137,REQUEST_FAILED,,,,,
78919158,REQUEST_FAILED,,,,,
78919162,REQUEST_FAILED,,,,,
78919169,REQUEST_FAILED,,,,,
78919177,REQUEST_FAILED,,,,,
78919202,REQUEST_FAILED,,,,,
78919210,REQUEST_FAILED,,,,,
78919224,REQUEST_FAILED,,,,,
78919220,REQUEST_FAILED,,,,,
78919231,REQUEST_FAILED,,,,,
78919240,REQUEST_FAILED,,,,,
78919244,REQUEST_FAILED,,,,,
78919247,REQUEST_FAILED,,,,,
78919272,REQUEST_FAILED,,,,,
78919273,REQUEST_FAILED,,,,,
78919280,REQUEST_FAILED,,,,,
78919281,REQUEST_FAILED,,,,,
78919286,REQUEST_FAILED,,,,,
78919292,REQUEST_FAILED,,,,,
78919296,REQUEST_FAILED,,,,,
78919297,REQUEST_FAILED,,,,,
78919306,REQUEST_FAILED,,,,,
78919310,REQUEST_FAILED,,,,,
78919311,REQUEST_FAILED,,,,,
78919320,REQUEST_FAILED,,,,,
78919323,REQUEST_FAILED,,,,,
78919330,REQUEST_FAILED,,,,,
78919332,REQUEST_FAILED,,,,,
78919336,REQUEST_FAILED,,,,,
78919341,REQUEST_FAILED,,,,,
78919342,REQUEST_FAILED,,,,,
78919350,REQUEST_FAILED,,,,,
78919352,REQUEST_FAILED,,,,,
78919360,REQUEST_FAILED,,,,,
78919365,REQUEST_FAILED,,,,,
78919364,REQUEST_FAILED,,,,,
78919384,REQUEST_FAILED,,,,,
78919386,REQUEST_FAILED,,,,,
78919403,REQUEST_FAILED,,,,,
78919405,REQUEST_FAILED,,,,,
78919412,REQUEST_FAILED,,,,,
78919417,REQUEST_FAILED,,,,,
78919419,REQUEST_FAILED,,,,,
78919420,REQUEST_FAILED,,,,,
78919429,REQUEST_FAILED,,,,,
78919433,REQUEST_FAILED,,,,,
78919439,REQUEST_FAILED,,,,,
78919441,REQUEST_FAILED,,,,,
78919472,deadAbandoned,BLOOMBASE,"Jun. 08, 2007",Bloombase Technologies Ltd,,ip@bloombase.com
78919442,REQUEST_FAILED,,,,,
78919470,REQUEST_FAILED,,,,,
78919458,REQUEST_FAILED,,,,,
78919474,REQUEST_FAILED,,,,,
78919476,REQUEST_FAILED,,,,,
78919479,REQUEST_FAILED,,,,,
78919525,deadAbandoned,SOLAR EXPRESS TANNING PRODUCTS,"Jun. 04, 2007","Brightvisions, Inc.",,shane@warehouse2000.net
78919504,deadAbandoned,ZENITH DATA SYSTEMS,"Sep. 28, 2007",ARISTIDE & CO ANTIQUAIRE DE MARQUES,,ARISTIDE@ARISTIDE.FR
78919480,REQUEST_FAILED,,,,,
78919493,REQUEST_FAILED,,,,,
78919503,REQUEST_FAILED,,,,,
78919531,REQUEST_FAILED,,,,,
78919564,REQUEST_FAILED,,,,,
78919598,REQUEST_FAILED,,,,,
78919632,REQUEST_FAILED,,,,,
78919665,REQUEST_FAILED,,,,,
78919696,REQUEST_FAILED,,,,,
78919702,deadAbandoned,AGENTCREDENTIALS,"Jun. 05, 2007","InteractiveWorx, Inc.",,
78919713,REQUEST_FAILED,,,,,
78919706,REQUEST_FAILED,,,,,
78919717,REQUEST_FAILED,,,,,
78919742,deadAbandoned,M1NT WORLD'S FIRST SHAREHOLDERS' CLUB,"Jun. 21, 2007","Watt, Louisa J",,lwatt@rsko.com
78919731,REQUEST_FAILED,,,,,
78919736,REQUEST_FAILED,,,,,
78919748,REQUEST_FAILED,,,,,
78919753,REQUEST_FAILED,,,,,
78919759,REQUEST_FAILED,,,,,
78919771,REQUEST_FAILED,,,,,
78919780,REQUEST_FAILED,,,,,
78919815,REQUEST_FAILED,,,,,
78919840,REQUEST_FAILED,,,,,
78919848,REQUEST_FAILED,,,,,
78919845,REQUEST_FAILED,,,,,
78919853,REQUEST_FAILED,,,,,
78919857,REQUEST_FAILED,,,,,
78919871,REQUEST_FAILED,,,,,
78919882,REQUEST_FAILED,,,,,
78919910,REQUEST_FAILED,,,,,
78919943,REQUEST_FAILED,,,,,
78919950,REQUEST_FAILED,,,,,
78919981,REQUEST_FAILED,,,,,
78919984,REQUEST_FAILED,,,,,
78920017,REQUEST_FAILED,,,,,
78920022,REQUEST_FAILED,,,,,
78920140,REQUEST_FAILED,,,,,
78920176,REQUEST_FAILED,,,,,
78920187,REQUEST_FAILED,,,,,
78920203,REQUEST_FAILED,,,,,
78920237,REQUEST_FAILED,,,,,
78920259,REQUEST_FAILED,,,,,
78920286,REQUEST_FAILED,,,,,
78920296,REQUEST_FAILED,,,,,
78920301,REQUEST_FAILED,,,,,
78920310,REQUEST_FAILED,,,,,
78920361,deadAbandoned,SEAT CHILLER,"Jun. 18, 2007",Baby Dagny LLC,,
78920311,REQUEST_FAILED,,,,,
78920312,REQUEST_FAILED,,,,,
78920321,REQUEST_FAILED,,,,,
78920324,REQUEST_FAILED,,,,,
78920364,REQUEST_FAILED,,,,,
78920362,REQUEST_FAILED,,,,,
78920387,REQUEST_FAILED,,,,,
78920392,REQUEST_FAILED,,,,,
78920407,REQUEST_FAILED,,,,,
78920421,REQUEST_FAILED,,,,,
78920454,REQUEST_FAILED,,,,,
78920470,REQUEST_FAILED,,,,,
78920473,REQUEST_FAILED,,,,,
78920516,deadAbandoned,EQUILIZE HORSE NUTRITION,"Jun. 08, 2007",Equilize Horse Nutrition Pty Ltd,,nerida@equilize.com.au
78920479,REQUEST_FAILED,,,,,
78920506,deadAbandoned,MOUNTAIN GROWN MANDARINS,"Jun. 18, 2007",PLACER GROWN,,
78920522,REQUEST_FAILED,,,,,
78920525,REQUEST_FAILED,,,,,
78920526,REQUEST_FAILED,,,,,
78920527,REQUEST_FAILED,,,,,
78920538,REQUEST_FAILED,,,,,
78920574,REQUEST_FAILED,,,,,
78920756,deadAbandoned,MOE'S WAY,"Jun. 12, 2007",Todd Graves Golf Schools L.L.C.,,moe2b@aol.com
78920653,REQUEST_FAILED,,,,,
78920667,REQUEST_FAILED,,,,,
78920672,REQUEST_FAILED,,,,,
78920760,REQUEST_FAILED,,,,,
78920808,REQUEST_FAILED,,,,,
78920812,REQUEST_FAILED,,,,,
78920845,deadAbandoned,HIMOTO,"Sep. 13, 2007",EXPORTPRO INTERNATIONAL LIMITED,,tszlingso@yahoo.com.hk
78920815,REQUEST_FAILED,,,,,
78920817,REQUEST_FAILED,,,,,
78920920,deadAbandoned,SPOTLIGHT!,"Nov. 09, 2007",Globe Dragon Technology Developments Limited,,jtong@wonghau.com
78920866,REQUEST_FAILED,,,,,
78920872,REQUEST_FAILED,,,,,
78920887,REQUEST_FAILED,,,,,
78921014,REQUEST_FAILED,,,,,
78921063,REQUEST_FAILED,,,,,
78921083,REQUEST_FAILED,,,,,
78921130,REQUEST_FAILED,,,,,
78921167,REQUEST_FAILED,,,,,
78921140,REQUEST_FAILED,,,,,
78921427,deadAbandoned,NOW LAUNCH,"Nov. 09, 2007","Now Launch, Inc.",,
78921419,deadAbandoned,MAGROPE MAN,"May 10, 2007",FISH PETER A,,peterfishos@hotmail.com
78921413,REQUEST_FAILED,,,,,
78921423,REQUEST_FAILED,,,,,
78921492,REQUEST_FAILED,,,,,
78921572,deadAbandoned,LIFE STUDIOS LIFESTYLE PORTRAITS,"Jun. 06, 2007",Matthew Michael Pantling,,mattpantling@yahoo.co.uk
78921564,REQUEST_FAILED,,,,,
78921613,deadAbandoned,SEMINAR-IN-A-BOX,"Nov. 09, 2007",Brunner Inc.,,kevinbrunner@msn.com
78921589,REQUEST_FAILED,,,,,
78921600,REQUEST_FAILED,,,,,
78921673,deadAbandoned,FINGERCLEAN,"Jun. 16, 2007",Crenmar,,crenmar@hetnet.nl
78921642,REQUEST_FAILED,,,,,
78921645,REQUEST_FAILED,,,,,
78921659,REQUEST_FAILED,,,,,
78921708,deadAbandoned,FUNDERPANTS,"Jun. 11, 2007","Funderpants, LLC",,chris@funderpants.com
78921688,REQUEST_FAILED,,,,,
78921736,deadAbandoned,VERSOWORKS,"Jun. 12, 2007",VersoWorks Pty Ltd,,
78921697,REQUEST_FAILED,,,,,
78921699,REQUEST_FAILED,,,,,
78921705,REQUEST_FAILED,,,,,
78921721,deadAbandoned,EARTHCURE,"Jun. 07, 2007","Gale, Tara-JaNel",,tarajgale@yahoo.com
78921738,deadAbandoned,VERSOWORKS,"Jun. 12, 2007",VersoWorks Pty Ltd,,
78921758,deadAbandoned,THE LOGIC OF GOD,"Nov. 16, 2007","JULLIENNE JACQUES ROGER, JEAN MARIE",,jeanmarie@beefoundation.com
78921769,deadAbandoned,HDSI,"Nov. 09, 2007",Hispanic Business Inc.,,
78921723,REQUEST_FAILED,,,,,
78921747,REQUEST_FAILED,,,,,
78921774,deadAbandoned,HISPANIC BUSINESS DIVERSITY STOCK INDEX,"Jun. 06, 2007",Hispanic Business Inc.,,
78921763,REQUEST_FAILED,,,,,
78921810,deadAbandoned,GADGETGIRL.COM,"Jun. 07, 2007",Diana Forbes,,info@gadgetgrrl.com
78921773,REQUEST_FAILED,,,,,
78921855,REQUEST_FAILED,,,,,
78921903,deadAbandoned,LASH BEAUTY PREMIUM EYELASH EXTENSIONS & BEAUTY SUPPLIES,"Jun. 12, 2007","Tse, Sharon",,lashenvy@gmail.com
78921890,REQUEST_FAILED,,,,,
78921886,REQUEST_FAILED,,,,,
78921936,REQUEST_FAILED,,,,,
78921956,REQUEST_FAILED,,,,,
78922063,deadAbandoned,RATTLESHAKE THE COFFEE SHAKE THAT MADE THE WEST WILD!,"Jun. 12, 2007","Caddy, Larry P.",,lewisclarkcoffee@aol.com
78922065,REQUEST_FAILED,,,,,
78922105,REQUEST_FAILED,,,,,
78922119,REQUEST_FAILED,,,,,
78922190,deadAbandoned,MOBILETRAVELOGUE.COM,"Jun. 08, 2007","Young, Rupert J",,rupert@mobiletravelogue.com
78922177,deadAbandoned,FINE TUNE YOUR RIDE,"Nov. 16, 2007","Tiegs, Lonnie Dale",,ltiegs@slipstreamz.com
78922191,deadAbandoned,TEFL WORLDWIDE,"Aug. 03, 2007",TEFL Worldwide,,info@teflworldwideprague.com
78922148,REQUEST_FAILED,,,,,
78922189,deadAbandoned,TWP TEFL WORLDWIDE PRAGUE,"Aug. 03, 2007",TEFL Worldwide,,info@teflworldwideprague.com
78922155,REQUEST_FAILED,,,,,
78922213,REQUEST_FAILED,,,,,
78922233,REQUEST_FAILED,,,,,
78922272,deadAbandoned,& 8X,"Jun. 14, 2007",REFAEL VARON,,rafivaron@yahoo.com
78922359,deadAbandoned,BAMBOO STYLES SOFT/STYLISH/SUSTAINABLE,"Jun. 10, 2007","Napolitan, Gregory J.",,gregn@bamboostylesonline.com
78922404,deadAbandoned,MAYO,"Jun. 07, 2007",ISLE OF BUTE FOODS LIMITED,,showrie@orissor.com
78922422,deadAbandoned,0,"Nov. 16, 2007","32|0, Inc.",,
78922333,REQUEST_FAILED,,,,,
78922477,REQUEST_FAILED,,,,,
78922765,deadAbandoned,GOT EXIT?,"Jun. 10, 2007","Advisory One, LLC",,rick@gotexit.info
78922670,REQUEST_FAILED,,,,,
78922701,REQUEST_FAILED,,,,,
78922957,deadAbandoned,VILLAGE SCHOOLHOUSE IT TAKES A VILLAGE TO GROW A CHILD,"Jun. 13, 2007","D & L Marketing, Inc. d/b/a Village Schoolhouse",,
78923033,REQUEST_FAILED,,,,,
78923058,REQUEST_FAILED,,,,,
78923080,REQUEST_FAILED,,,,,
78923173,deadAbandoned,MAGSTER,"Oct. 11, 2007",FISH PETER ALAN,,peterfishos@hotmail.com
78923160,deadAbandoned,RATIONALE,"Jun. 21, 2007",Austhink Software Pty Ltd,,rgw@austhink.com
78923133,REQUEST_FAILED,,,,,
78923165,REQUEST_FAILED,,,,,
78923360,deadAbandoned,LIFELOCK,"Jun. 12, 2007","Debix, Inc.",,bo.holland@debix.com
78923388,deadAbandoned,AMBASSADORS OF EXCELLENCE,"Jun. 08, 2007","M. L. Freeman Consulting, LLC",,
78923453,deadAbandoned,CONVERGENCE MANAGER,"Jun. 14, 2007",SNRLabs Corporation,,kyung_mun@dataxchg.com
78923436,deadAbandoned,CAREER EMPOWERMENT: WORKING SMARTER IN THE WORKPLACE,"Jun. 11, 2007","M. L. Freeman Consulting, LLC",,
78923455,deadAbandoned,BLOGOSPHERE,"Jun. 15, 2007",Performance Resources,,
78923409,REQUEST_FAILED,,,,,
78923426,REQUEST_FAILED,,,,,
78923477,REQUEST_FAILED,,,,,
78923534,deadAbandoned,WORK SMARTER...NOT HARDER,"Jun. 12, 2007","M. L. Freeman Consulting, LLC",,
78923586,REQUEST_FAILED,,,,,
78923829,REQUEST_FAILED,,,,,
78923789,REQUEST_FAILED,,,,,
78924108,deadAbandoned,MOLD TAPE SLIDE,"Jun. 12, 2007","Accukits, LLC",,
78924107,deadAbandoned,BITE ME,"Jun. 06, 2007",Kelly M. Colliton,,
78924110,REQUEST_FAILED,,,,,
78924112,REQUEST_FAILED,,,,,
78924126,REQUEST_FAILED,,,,,
78924239,deadAbandoned,SMART SAVE,"Jun. 14, 2007",Beehive Credit Union,,
78924243,deadAbandoned,USA ROADSIDE,"Jun. 14, 2007","Pawlusiak, Paul, J.",,paul@charterwarranty.com
78924145,REQUEST_FAILED,,,,,
78924276,deadAbandoned,MUSE,"Jun. 08, 2007","The Richard Murrian Atelier, s.r.o.",,admin@m-u-s-e.org
78924453,REQUEST_FAILED,,,,,
78924517,REQUEST_FAILED,,,,,
78924684,deadAbandoned,LAS VEGAS HARDWARE SHOW,"Jun. 12, 2007",Reed Elsevier Properties Inc.,,
78924541,REQUEST_FAILED,,,,,
78924675,REQUEST_FAILED,,,,,
78924872,deadAbandoned,FIESTA MEXICANA,"Jun. 13, 2007","Puebla Foods, Inc.",,molinagj@earthlink.net
78924842,deadAbandoned,MEDIAROAM,"Nov. 16, 2007","Longboard, Inc.",,
78924760,REQUEST_FAILED,,,,,
78924930,deadAbandoned,RAT MOTORCYCLE COMPANY,"Jun. 21, 2007",Rat Motorcycle Company,,
78924876,REQUEST_FAILED,,,,,
78924938,REQUEST_FAILED,,,,,
78924997,REQUEST_FAILED,,,,,
78925003,REQUEST_FAILED,,,,,
78925015,REQUEST_FAILED,,,,,
78925067,REQUEST_FAILED,,,,,
78925118,REQUEST_FAILED,,,,,
78925144,REQUEST_FAILED,,,,,
78925148,REQUEST_FAILED,,,,,
78925154,REQUEST_FAILED,,,,,
78925167,REQUEST_FAILED,,,,,
78925188,REQUEST_FAILED,,,,,
78925213,REQUEST_FAILED,,,,,
78925234,REQUEST_FAILED,,,,,
78925253,REQUEST_FAILED,,,,,
78925254,REQUEST_FAILED,,,,,
78925317,deadAbandoned,HA BEBE,"Jun. 13, 2007",SHUN HING COMPANY,,skymark@netvigator.com
78925267,REQUEST_FAILED,,,,,
78925327,deadAbandoned,BOLICA,"Nov. 16, 2007",Po Fai Precision Limited,,info@jinetic.com
78925282,REQUEST_FAILED,,,,,
78925308,REQUEST_FAILED,,,,,
78925346,deadAbandoned,MANDA'S MINERALS,"Jun. 18, 2007","Deckard, Amanda",,lmayhew@hughes.net
78925428,deadAbandoned,HAPPY JACK'S PUB & THEATRE BAR - YOU'RE ALWAYS AT HOME AND NEVER ALONE AT HAPPY JACK'S,"Jun. 20, 2007",Persepolis Limited,,
78925486,REQUEST_FAILED,,,,,
78925502,REQUEST_FAILED,,,,,
78925489,REQUEST_FAILED,,,,,
78925561,REQUEST_FAILED,,,,,
78925569,REQUEST_FAILED,,,,,
78925582,REQUEST_FAILED,,,,,
78925586,REQUEST_FAILED,,,,,
78925587,REQUEST_FAILED,,,,,
78925592,REQUEST_FAILED,,,,,
78925601,REQUEST_FAILED,,,,,
78925622,REQUEST_FAILED,,,,,
78925627,deadAbandoned,BRAIN TRIGGER,"Nov. 23, 2007",MicroNutrient LLC,,jstheus@stripz.com
78925626,REQUEST_FAILED,,,,,
78925634,REQUEST_FAILED,,,,,
78925686,REQUEST_FAILED,,,,,
78925770,REQUEST_FAILED,,,,,
78925772,REQUEST_FAILED,,,,,
78925796,REQUEST_FAILED,,,,,
78925847,REQUEST_FAILED,,,,,
78925868,REQUEST_FAILED,,,,,
78925871,REQUEST_FAILED,,,,,
78925881,REQUEST_FAILED,,,,,
78925886,REQUEST_FAILED,,,,,
78925888,REQUEST_FAILED,,,,,
78925891,REQUEST_FAILED,,,,,
78925903,REQUEST_FAILED,,,,,
78925916,REQUEST_FAILED,,,,,
78925991,REQUEST_FAILED,,,,,
78926016,REQUEST_FAILED,,,,,
78926039,REQUEST_FAILED,,,,,
78926070,REQUEST_FAILED,,,,,
78926091,REQUEST_FAILED,,,,,
78926097,REQUEST_FAILED,,,,,
78926100,REQUEST_FAILED,,,,,
78926106,REQUEST_FAILED,,,,,
78926116,REQUEST_FAILED,,,,,
78926122,REQUEST_FAILED,,,,,
78926123,REQUEST_FAILED,,,,,
78926129,REQUEST_FAILED,,,,,
78926130,REQUEST_FAILED,,,,,
78926132,REQUEST_FAILED,,,,,
78926134,REQUEST_FAILED,,,,,
78926137,REQUEST_FAILED,,,,,
78926140,REQUEST_FAILED,,,,,
78926145,REQUEST_FAILED,,,,,
78926156,REQUEST_FAILED,,,,,
78926179,REQUEST_FAILED,,,,,
78926183,REQUEST_FAILED,,,,,
78926184,REQUEST_FAILED,,,,,
78926186,REQUEST_FAILED,,,,,
78926196,REQUEST_FAILED,,,,,
78926200,REQUEST_FAILED,,,,,
78926211,REQUEST_FAILED,,,,,
78926215,REQUEST_FAILED,,,,,
78926240,REQUEST_FAILED,,,,,
78926245,REQUEST_FAILED,,,,,
78926261,REQUEST_FAILED,,,,,
78926270,REQUEST_FAILED,,,,,
78926273,REQUEST_FAILED,,,,,
78926275,REQUEST_FAILED,,,,,
78926281,REQUEST_FAILED,,,,,
78926284,REQUEST_FAILED,,,,,
78926286,REQUEST_FAILED,,,,,
78926292,REQUEST_FAILED,,,,,
78926295,REQUEST_FAILED,,,,,
78926299,REQUEST_FAILED,,,,,
78926303,REQUEST_FAILED,,,,,
78926319,REQUEST_FAILED,,,,,
78926320,REQUEST_FAILED,,,,,
78926321,REQUEST_FAILED,,,,,
78926325,REQUEST_FAILED,,,,,
78926328,REQUEST_FAILED,,,,,
78926329,REQUEST_FAILED,,,,,
78926331,REQUEST_FAILED,,,,,
78926335,REQUEST_FAILED,,,,,
78926336,REQUEST_FAILED,,,,,
78926339,REQUEST_FAILED,,,,,
78926340,REQUEST_FAILED,,,,,
78926341,REQUEST_FAILED,,,,,
78926346,REQUEST_FAILED,,,,,
78926349,REQUEST_FAILED,,,,,
78926351,REQUEST_FAILED,,,,,
78926352,REQUEST_FAILED,,,,,
78926353,REQUEST_FAILED,,,,,
78926356,REQUEST_FAILED,,,,,
78926354,REQUEST_FAILED,,,,,
78926360,REQUEST_FAILED,,,,,
78926367,REQUEST_FAILED,,,,,
78926369,REQUEST_FAILED,,,,,
78926370,REQUEST_FAILED,,,,,
78926372,REQUEST_FAILED,,,,,
78926371,REQUEST_FAILED,,,,,
78926374,REQUEST_FAILED,,,,,
78926381,REQUEST_FAILED,,,,,
78926378,REQUEST_FAILED,,,,,
78926384,REQUEST_FAILED,,,,,
78926452,REQUEST_FAILED,,,,,
78926394,REQUEST_FAILED,,,,,
78926537,REQUEST_FAILED,,,,,
78926546,REQUEST_FAILED,,,,,
78926558,REQUEST_FAILED,,,,,
78926587,REQUEST_FAILED,,,,,
78926588,REQUEST_FAILED,,,,,
78926594,REQUEST_FAILED,,,,,
78926631,REQUEST_FAILED,,,,,
78926606,REQUEST_FAILED,,,,,
78926642,REQUEST_FAILED,,,,,
78926652,REQUEST_FAILED,,,,,
78926665,REQUEST_FAILED,,,,,
78926667,REQUEST_FAILED,,,,,
78926671,REQUEST_FAILED,,,,,
78926676,REQUEST_FAILED,,,,,
78926678,REQUEST_FAILED,,,,,
78926681,REQUEST_FAILED,,,,,
78926698,REQUEST_FAILED,,,,,
78926704,REQUEST_FAILED,,,,,
78926750,REQUEST_FAILED,,,,,
78926712,REQUEST_FAILED,,,,,
78926705,REQUEST_FAILED,,,,,
78926761,REQUEST_FAILED,,,,,
78926770,REQUEST_FAILED,,,,,
78926799,REQUEST_FAILED,,,,,
78926814,REQUEST_FAILED,,,,,
78926817,REQUEST_FAILED,,,,,
78926802,REQUEST_FAILED,,,,,
78926843,REQUEST_FAILED,,,,,
78926863,REQUEST_FAILED,,,,,
78926873,REQUEST_FAILED,,,,,
78926894,REQUEST_FAILED,,,,,
78926899,REQUEST_FAILED,,,,,
78926900,REQUEST_FAILED,,,,,
78926906,REQUEST_FAILED,,,,,
78926915,REQUEST_FAILED,,,,,
78926919,REQUEST_FAILED,,,,,
78926924,REQUEST_FAILED,,,,,
78926937,REQUEST_FAILED,,,,,
78926936,REQUEST_FAILED,,,,,
78926939,REQUEST_FAILED,,,,,
78926969,REQUEST_FAILED,,,,,
78927012,REQUEST_FAILED,,,,,
78927032,REQUEST_FAILED,,,,,
78927058,REQUEST_FAILED,,,,,
78927065,REQUEST_FAILED,,,,,
78927115,REQUEST_FAILED,,,,,
78927122,REQUEST_FAILED,,,,,
78927132,REQUEST_FAILED,,,,,
78927140,REQUEST_FAILED,,,,,
78927147,REQUEST_FAILED,,,,,
78927152,REQUEST_FAILED,,,,,
78927155,REQUEST_FAILED,,,,,
78927161,REQUEST_FAILED,,,,,
78927173,REQUEST_FAILED,,,,,
78927174,REQUEST_FAILED,,,,,
78927204,REQUEST_FAILED,,,,,
78927176,REQUEST_FAILED,,,,,
78927206,REQUEST_FAILED,,,,,
78927228,REQUEST_FAILED,,,,,
78927238,REQUEST_FAILED,,,,,
78927241,REQUEST_FAILED,,,,,
78927252,REQUEST_FAILED,,,,,
78927245,REQUEST_FAILED,,,,,
78927265,REQUEST_FAILED,,,,,
78927267,REQUEST_FAILED,,,,,
78927268,REQUEST_FAILED,,,,,
78927270,REQUEST_FAILED,,,,,
78927279,REQUEST_FAILED,,,,,
78927278,REQUEST_FAILED,,,,,
78927309,REQUEST_FAILED,,,,,
78927280,REQUEST_FAILED,,,,,
78927312,REQUEST_FAILED,,,,,
78927317,REQUEST_FAILED,,,,,
78927319,REQUEST_FAILED,,,,,
78927320,REQUEST_FAILED,,,,,
78927330,REQUEST_FAILED,,,,,
78927332,REQUEST_FAILED,,,,,
78927336,REQUEST_FAILED,,,,,
78927342,REQUEST_FAILED,,,,,
78927361,REQUEST_FAILED,,,,,
78927364,REQUEST_FAILED,,,,,
78927374,REQUEST_FAILED,,,,,
78927442,REQUEST_FAILED,,,,,
78927501,REQUEST_FAILED,,,,,
78927506,REQUEST_FAILED,,,,,
78927508,REQUEST_FAILED,,,,,
78927521,REQUEST_FAILED,,,,,
78927542,REQUEST_FAILED,,,,,
78927543,REQUEST_FAILED,,,,,
78927555,REQUEST_FAILED,,,,,
78927559,REQUEST_FAILED,,,,,
78927563,REQUEST_FAILED,,,,,
78927565,REQUEST_FAILED,,,,,
78927580,REQUEST_FAILED,,,,,
78927583,REQUEST_FAILED,,,,,
78927590,REQUEST_FAILED,,,,,
78927604,REQUEST_FAILED,,,,,
78927614,REQUEST_FAILED,,,,,
78927615,REQUEST_FAILED,,,,,
78927635,REQUEST_FAILED,,,,,
78927648,REQUEST_FAILED,,,,,
78927676,REQUEST_FAILED,,,,,
78927689,REQUEST_FAILED,,,,,
78927709,REQUEST_FAILED,,,,,
78927700,REQUEST_FAILED,,,,,
78927723,REQUEST_FAILED,,,,,
78927727,REQUEST_FAILED,,,,,
78927730,REQUEST_FAILED,,,,,
78927739,REQUEST_FAILED,,,,,
78927754,REQUEST_FAILED,,,,,
78927770,REQUEST_FAILED,,,,,
78927815,REQUEST_FAILED,,,,,
78927832,REQUEST_FAILED,,,,,
78927846,REQUEST_FAILED,,,,,
78927864,REQUEST_FAILED,,,,,
78927885,REQUEST_FAILED,,,,,
78927901,REQUEST_FAILED,,,,,
78927906,REQUEST_FAILED,,,,,
78927911,REQUEST_FAILED,,,,,
78927936,REQUEST_FAILED,,,,,
78927937,REQUEST_FAILED,,,,,
78927954,REQUEST_FAILED,,,,,
78927938,REQUEST_FAILED,,,,,
78927965,REQUEST_FAILED,,,,,
78927976,REQUEST_FAILED,,,,,
78927999,REQUEST_FAILED,,,,,
78928013,REQUEST_FAILED,,,,,
78928029,REQUEST_FAILED,,,,,
78928054,REQUEST_FAILED,,,,,
78928058,REQUEST_FAILED,,,,,
78928074,REQUEST_FAILED,,,,,
78928081,REQUEST_FAILED,,,,,
78928092,REQUEST_FAILED,,,,,
78928125,REQUEST_FAILED,,,,,
78928157,REQUEST_FAILED,,,,,
78928161,REQUEST_FAILED,,,,,
78928215,REQUEST_FAILED,,,,,
78928177,REQUEST_FAILED,,,,,
78928259,REQUEST_FAILED,,,,,
78928285,REQUEST_FAILED,,,,,
78928319,REQUEST_FAILED,,,,,
78928328,REQUEST_FAILED,,,,,
78928331,REQUEST_FAILED,,,,,
78928336,REQUEST_FAILED,,,,,
78928338,REQUEST_FAILED,,,,,
78928349,REQUEST_FAILED,,,,,
78928358,REQUEST_FAILED,,,,,
78928361,REQUEST_FAILED,,,,,
78928362,REQUEST_FAILED,,,,,
78928364,REQUEST_FAILED,,,,,
78928368,REQUEST_FAILED,,,,,
78928370,REQUEST_FAILED,,,,,
78928372,REQUEST_FAILED,,,,,
78928375,REQUEST_FAILED,,,,,
78928381,REQUEST_FAILED,,,,,
78928379,REQUEST_FAILED,,,,,
78928390,REQUEST_FAILED,,,,,
78928394,REQUEST_FAILED,,,,,
78928404,REQUEST_FAILED,,,,,
78928407,REQUEST_FAILED,,,,,
78928413,REQUEST_FAILED,,,,,
78928409,REQUEST_FAILED,,,,,
78928417,REQUEST_FAILED,,,,,
78928423,REQUEST_FAILED,,,,,
78928419,REQUEST_FAILED,,,,,
78928430,REQUEST_FAILED,,,,,
78928445,REQUEST_FAILED,,,,,
78928431,REQUEST_FAILED,,,,,
78928471,REQUEST_FAILED,,,,,
78928496,REQUEST_FAILED,,,,,
78928472,REQUEST_FAILED,,,,,
78928498,REQUEST_FAILED,,,,,
78928555,REQUEST_FAILED,,,,,
78928559,REQUEST_FAILED,,,,,
78928506,REQUEST_FAILED,,,,,
78928607,REQUEST_FAILED,,,,,
78928589,REQUEST_FAILED,,,,,
78928611,REQUEST_FAILED,,,,,
78928614,REQUEST_FAILED,,,,,
78928618,REQUEST_FAILED,,,,,
78928615,REQUEST_FAILED,,,,,
78928669,REQUEST_FAILED,,,,,
78928637,REQUEST_FAILED,,,,,
78928671,REQUEST_FAILED,,,,,
78928673,REQUEST_FAILED,,,,,
78928681,REQUEST_FAILED,,,,,
78928677,REQUEST_FAILED,,,,,
78928682,REQUEST_FAILED,,,,,
78928685,REQUEST_FAILED,,,,,
78928686,REQUEST_FAILED,,,,,
78928690,REQUEST_FAILED,,,,,
78928693,REQUEST_FAILED,,,,,
78928696,REQUEST_FAILED,,,,,
78928700,REQUEST_FAILED,,,,,
78928702,REQUEST_FAILED,,,,,
78928714,REQUEST_FAILED,,,,,
78928715,REQUEST_FAILED,,,,,
78928726,REQUEST_FAILED,,,,,
78928753,REQUEST_FAILED,,,,,
78928785,REQUEST_FAILED,,,,,
78928770,REQUEST_FAILED,,,,,
78928798,REQUEST_FAILED,,,,,
78928814,REQUEST_FAILED,,,,,
78928817,REQUEST_FAILED,,,,,
78928835,REQUEST_FAILED,,,,,
78928853,REQUEST_FAILED,,,,,
78928884,REQUEST_FAILED,,,,,
78928892,REQUEST_FAILED,,,,,
78928893,REQUEST_FAILED,,,,,
78928897,REQUEST_FAILED,,,,,
78928905,REQUEST_FAILED,,,,,
78928910,REQUEST_FAILED,,,,,
78928920,REQUEST_FAILED,,,,,
78928935,REQUEST_FAILED,,,,,
78928939,REQUEST_FAILED,,,,,
78928953,REQUEST_FAILED,,,,,
78928956,REQUEST_FAILED,,,,,
78928972,REQUEST_FAILED,,,,,
78928981,REQUEST_FAILED,,,,,
78928993,REQUEST_FAILED,,,,,
78928996,REQUEST_FAILED,,,,,
78929006,REQUEST_FAILED,,,,,
78929092,REQUEST_FAILED,,,,,
78929100,REQUEST_FAILED,,,,,
78929108,REQUEST_FAILED,,,,,
78929122,REQUEST_FAILED,,,,,
78929129,REQUEST_FAILED,,,,,
78929136,REQUEST_FAILED,,,,,
78929168,REQUEST_FAILED,,,,,
78929169,REQUEST_FAILED,,,,,
78929199,REQUEST_FAILED,,,,,
78929200,REQUEST_FAILED,,,,,
78929264,REQUEST_FAILED,,,,,
78929271,REQUEST_FAILED,,,,,
78929279,REQUEST_FAILED,,,,,
78929274,REQUEST_FAILED,,,,,
78929282,REQUEST_FAILED,,,,,
78929288,REQUEST_FAILED,,,,,
78929293,REQUEST_FAILED,,,,,
78929299,REQUEST_FAILED,,,,,
78929301,REQUEST_FAILED,,,,,
78929300,REQUEST_FAILED,,,,,
78929327,REQUEST_FAILED,,,,,
78929343,REQUEST_FAILED,,,,,
78929345,REQUEST_FAILED,,,,,
78929355,REQUEST_FAILED,,,,,
78929356,REQUEST_FAILED,,,,,
78929363,REQUEST_FAILED,,,,,
78929369,REQUEST_FAILED,,,,,
78929379,REQUEST_FAILED,,,,,
78929395,REQUEST_FAILED,,,,,
78929388,REQUEST_FAILED,,,,,
78929414,REQUEST_FAILED,,,,,
78929427,REQUEST_FAILED,,,,,
78929432,REQUEST_FAILED,,,,,
78929440,REQUEST_FAILED,,,,,
78929464,REQUEST_FAILED,,,,,
78929469,REQUEST_FAILED,,,,,
78929486,REQUEST_FAILED,,,,,
78929488,REQUEST_FAILED,,,,,
78929492,REQUEST_FAILED,,,,,
78929552,REQUEST_FAILED,,,,,
78929555,REQUEST_FAILED,,,,,
78929602,REQUEST_FAILED,,,,,
78929649,REQUEST_FAILED,,,,,
78929660,REQUEST_FAILED,,,,,
78929661,REQUEST_FAILED,,,,,
78929664,REQUEST_FAILED,,,,,
78929708,deadAbandoned,VG MEDIA DESIGN,"Sep. 25, 2007","Varsity Gold, Inc.",,
78929712,REQUEST_FAILED,,,,,
78929738,REQUEST_FAILED,,,,,
78929802,REQUEST_FAILED,,,,,
78929847,REQUEST_FAILED,,,,,
78929885,REQUEST_FAILED,,,,,
78929928,REQUEST_FAILED,,,,,
78929931,REQUEST_FAILED,,,,,
78929950,REQUEST_FAILED,,,,,
78929953,REQUEST_FAILED,,,,,
78930053,deadAbandoned,ECO-RENEWAL,"Jun. 25, 2007",Mary Kathryn Ashpes,,Kathy@ashpes.com
78930043,REQUEST_FAILED,,,,,
78930047,REQUEST_FAILED,,,,,
78930062,REQUEST_FAILED,,,,,
78930111,REQUEST_FAILED,,,,,
78930115,REQUEST_FAILED,,,,,
78930154,REQUEST_FAILED,,,,,
78930170,REQUEST_FAILED,,,,,
78930174,REQUEST_FAILED,,,,,
78930186,REQUEST_FAILED,,,,,
78930216,REQUEST_FAILED,,,,,
78930215,REQUEST_FAILED,,,,,
78930223,REQUEST_FAILED,,,,,
78930226,REQUEST_FAILED,,,,,
78930238,REQUEST_FAILED,,,,,
78930241,REQUEST_FAILED,,,,,
78930245,REQUEST_FAILED,,,,,
78930247,REQUEST_FAILED,,,,,
78930258,REQUEST_FAILED,,,,,
78930269,REQUEST_FAILED,,,,,
78930295,REQUEST_FAILED,,,,,
78930301,REQUEST_FAILED,,,,,
78930320,REQUEST_FAILED,,,,,
78930316,REQUEST_FAILED,,,,,
78930328,REQUEST_FAILED,,,,,
78930343,REQUEST_FAILED,,,,,
78930359,REQUEST_FAILED,,,,,
78930362,REQUEST_FAILED,,,,,
78930365,REQUEST_FAILED,,,,,
78930372,REQUEST_FAILED,,,,,
78930379,REQUEST_FAILED,,,,,
78930393,REQUEST_FAILED,,,,,
78930394,REQUEST_FAILED,,,,,
78930401,REQUEST_FAILED,,,,,
78930402,REQUEST_FAILED,,,,,
78930419,REQUEST_FAILED,,,,,
78930433,REQUEST_FAILED,,,,,
78930436,REQUEST_FAILED,,,,,
78930441,REQUEST_FAILED,,,,,
78930442,REQUEST_FAILED,,,,,
78930458,REQUEST_FAILED,,,,,
78930473,REQUEST_FAILED,,,,,
78930480,REQUEST_FAILED,,,,,
78930496,deadAbandoned,DINO MAGIC,"Nov. 09, 2007",Moose Enterprise Pty Ltd,,adrian@moosetoys.com
78930492,REQUEST_FAILED,,,,,
78930527,deadAbandoned,BLUESCREW,"Jun. 15, 2007","Scimonello, Jeffrey James",,pennan@iprimus.com.au
78930501,REQUEST_FAILED,,,,,
78930506,REQUEST_FAILED,,,,,
78930509,REQUEST_FAILED,,,,,
78930616,REQUEST_FAILED,,,,,
78930652,REQUEST_FAILED,,,,,
78930671,REQUEST_FAILED,,,,,
78930677,REQUEST_FAILED,,,,,
78930721,REQUEST_FAILED,,,,,
78930741,REQUEST_FAILED,,,,,
78930745,REQUEST_FAILED,,,,,
78930754,REQUEST_FAILED,,,,,
78930764,REQUEST_FAILED,,,,,
78930778,REQUEST_FAILED,,,,,
78930770,REQUEST_FAILED,,,,,
78930835,REQUEST_FAILED,,,,,
78930874,REQUEST_FAILED,,,,,
78930973,deadAbandoned,DOCTOR'S CHOICE SPA MAGIC,"Jun. 14, 2007",Star Lab,,starlab@the-beach.net
78930880,REQUEST_FAILED,,,,,
78930897,REQUEST_FAILED,,,,,
78930903,REQUEST_FAILED,,,,,
78930917,REQUEST_FAILED,,,,,
78931018,REQUEST_FAILED,,,,,
78931038,REQUEST_FAILED,,,,,
78931065,REQUEST_FAILED,,,,,
78931076,REQUEST_FAILED,,,,,
78931079,REQUEST_FAILED,,,,,
78931144,deadAbandoned,DOCTOR'S APPROACH SKIN SENSE,"Jul. 31, 2007","Street, Marcy L",,doctorsapproach@aol.com
78931100,REQUEST_FAILED,,,,,
78931121,REQUEST_FAILED,,,,,
78931171,REQUEST_FAILED,,,,,
78931200,REQUEST_FAILED,,,,,
78931212,REQUEST_FAILED,,,,,
78931276,REQUEST_FAILED,,,,,
78931316,REQUEST_FAILED,,,,,
78931350,REQUEST_FAILED,,,,,
78931369,deadAbandoned,DIETEA,"Jun. 01, 2007","MALABAR PRODUCTOS NATURALES, L.L.C.",,david.martinez@hotelesmilenium.com
78931371,deadAbandoned,None,"Jun. 14, 2007",Zachary D. Wiseman,,zackwiseman@gmail.com
78931364,REQUEST_FAILED,,,,,
78931396,REQUEST_FAILED,,,,,
78931419,REQUEST_FAILED,,,,,
78931621,deadAbandoned,MONA LISA,"Jun. 20, 2007","GOOLSBEE, HENRY ALFRED",,ormus.dna@mac.com
78931466,REQUEST_FAILED,,,,,
78931680,REQUEST_FAILED,,,,,
78931693,REQUEST_FAILED,,,,,
78931707,REQUEST_FAILED,,,,,
78931885,REQUEST_FAILED,,,,,
78932128,deadAbandoned,SKYPLACE,"Sep. 07, 2007","Pufflane Systems, Inc",,liz@bertorello.biz
78932065,REQUEST_FAILED,,,,,
78932286,deadAbandoned,OO,"Nov. 23, 2007","LSN, Inc.",,lucky@lsn-inc.com
78932324,deadAbandoned,REALHOT,"Jul. 11, 2007","Evans, Charles R",,montezumabrand@aol.com
78932328,deadAbandoned,STANDALONE,"Nov. 23, 2007","Jensen, Laina M.",,raven@alrindustries.com
78932238,REQUEST_FAILED,,,,,
78932343,deadAbandoned,AUTHOR L. REA,"Jun. 20, 2007","Jensen, Laina M.",,raven@alrindustries.com
78932318,REQUEST_FAILED,,,,,
78932389,REQUEST_FAILED,,,,,
78932491,deadAbandoned,100 THOUSAND CLUB,"Jun. 20, 2007",GDS Publishing Ltd,,
78932417,deadAbandoned,NO LOVE ENTERTAINMENT THE ULTIMATE IN STEEL CAGE FIGHTING,"Jun. 19, 2007",Rich Clementi,,byrd@elvis.com
78932492,deadAbandoned,CAPTAIN JACK,"Jul. 18, 2007","Aponte, John",,
78932509,deadAbandoned,MI GENTE HISPANA,"Dec. 13, 2007","Jones, Evan A.",,ejones@xasystems.com
78932602,deadAbandoned,TIE-TAK,"Nov. 30, 2007","Beck, Benjamin L",,benbecksays@msn.com
78932641,deadAbandoned,RAPID CRAPS,"Jun. 15, 2007","Kusasira, Martin",,usasir2@gmail.com
78932547,REQUEST_FAILED,,,,,
78932585,REQUEST_FAILED,,,,,
78932724,deadAbandoned,RAPIDBUILD,"Jun. 25, 2007",James D Foster,,fosterone@gmail.com
78932694,deadAbandoned,E,"Dec. 05, 2007","GROCERY SHOPPING NETWORK, INC.",,albin@groceryshopping.net
78932654,REQUEST_FAILED,,,,,
78932748,deadAbandoned,TWENTY-1: THE AGE OF ULTIMATE CHANGE,"Dec. 19, 2007",Shayla C. Stevens,,shaylatte@yahoo.com
78932772,deadAbandoned,GETTA LETTER,"Jun. 25, 2007",Winning Moves Inc.,,pecci@winning-moves.com
78932801,deadAbandoned,WINE DOWN,"Jun. 27, 2007","Auerbach, Stephanie",,leeandsteph@mac.com
78932702,REQUEST_FAILED,,,,,
78932830,deadAbandoned,BEER UP,"Jun. 27, 2007","Auerbach, Stephanie",,leeandsteph@mac.com
78932734,REQUEST_FAILED,,,,,
78932805,deadAbandoned,BRAIN AID,"Nov. 16, 2007",W,,pecci@winning-moves.com
78932754,REQUEST_FAILED,,,,,
78932886,deadAbandoned,BEER TODAY WINE TOMORROW,"Jun. 27, 2007","Auerbach, Stephanie",,leeandsteph@mac.com
78932790,REQUEST_FAILED,,,,,
78932883,REQUEST_FAILED,,,,,
78933053,deadAbandoned,TW TIM WILSON FAMILY OF FINE DOLLS TW,"Jul. 12, 2007","WILSON, SUSAN F.",,SUEW@CUTEASABUTTON.COM
78933332,REQUEST_FAILED,,,,,
78933481,deadAbandoned,GENDER CARE INITIATIVE,"Dec. 27, 2007",Women's Heart Foundation,,bonnie@womensheart.org
78933402,REQUEST_FAILED,,,,,
78933518,deadAbandoned,WOMEN'S HEART AND WELLNESS CENTER,"Jun. 19, 2007",Women's Heart Foundation,,bonnie@womensheart.org
78933439,REQUEST_FAILED,,,,,
78933451,REQUEST_FAILED,,,,,
78933608,REQUEST_FAILED,,,,,
78933594,REQUEST_FAILED,,,,,
78933696,deadAbandoned,AMERICA'S BEST PRACTICES SALES AUTHORITY,"Jun. 25, 2007",Landy Chase Incorporated,,landychase@earthlink.net
78933716,deadAbandoned,DFREE,"Dec. 27, 2007","Corporate Community Connections, Inc",,kwab23@hotmail.com
78933711,REQUEST_FAILED,,,,,
78933824,deadAbandoned,"""A BREATH OF FRESH AIR FOR INDOOR PETS""","Dec. 26, 2007","Miller, Catherine L.",,wildwhiskers@comcast.net
78933773,REQUEST_FAILED,,,,,
78933740,REQUEST_FAILED,,,,,
78934039,deadAbandoned,"""CAPTURING THE THRILL OF THE GAME""","Dec. 13, 2007","Sporting Art and Antiques, LLC",,robertejones@comcast.net
78934057,deadAbandoned,TEAR IT 'TIL YOU WEAR IT,"Nov. 16, 2007",Evimeria Inc,,lvizcarrondo@evimeriainc.com
78933996,REQUEST_FAILED,,,,,
78934181,deadAbandoned,WARRIORS ON THE WATER,"Oct. 04, 2007",D'Andrea Brothers LLC,,christian@hooah.com
78934351,deadAbandoned,CITIZEN FASHION,"Jun. 19, 2007",LK 1248 Corporation,,info@citizenfashion.com
78934342,REQUEST_FAILED,,,,,
78934419,deadAbandoned,DRIVEIR,"Dec. 06, 2007",HAWK IR International Ltd,,grh@cockburngroup.co.uk
78934412,deadAbandoned,GIGI CHENG FINE CHINA JEWELRY,"Jun. 26, 2007",CLASSIC JEWELRY COMPANY LIMITED,,la03@netvigator.com
78934482,deadAbandoned,CONCERTOONLINE,"Jun. 20, 2007","Vahedi, Kioumars",,
78934410,deadAbandoned,CEDAR CREST,"Nov. 30, 2007",Forsan Ltd,,timbird@forsan.com.hk
78934485,deadAbandoned,CONCERTO PRODUCTIONS CORPORATION,"Jun. 20, 2007","Vahedi, Kioumars",,
78934507,deadAbandoned,?,"Nov. 30, 2007","Alibhai, Michael",,michael@cdaexports.ae
78934399,REQUEST_FAILED,,,,,
78934481,REQUEST_FAILED,,,,,
78934618,deadAbandoned,DIAMAID,"Jun. 19, 2007","GAUTHIER,christophe",,christophe@diam-aid.org
78934535,REQUEST_FAILED,,,,,
78934594,deadAbandoned,PROJECT G.O.A.L.S.,"May 29, 2007","Vescovi, Jason D",,vescovij@aol.com
78934562,REQUEST_FAILED,,,,,
78934583,REQUEST_FAILED,,,,,
78934654,REQUEST_FAILED,,,,,
78934881,REQUEST_FAILED,,,,,
78935001,REQUEST_FAILED,,,,,
78935246,deadAbandoned,MANIPEDI FINDER,"Jun. 27, 2007","Perschke, Susanne E",,susanne.perschke@gmail.com
78935111,REQUEST_FAILED,,,,,
78935134,REQUEST_FAILED,,,,,
78935297,deadAbandoned,MY TIA TRAVELING INSURANCE AGENT,"Jun. 21, 2007","Alvarado, Gus",,galvarado@farmersagent.com
78935240,REQUEST_FAILED,,,,,
78935344,REQUEST_FAILED,,,,,
78935350,REQUEST_FAILED,,,,,
78935386,deadAbandoned,HOW TO ID IT,"Nov. 30, 2007",Amsoft Systems Private Limited,,harpreet@jotwani.com
78935372,REQUEST_FAILED,,,,,
78935378,REQUEST_FAILED,,,,,
78935400,REQUEST_FAILED,,,,,
78935404,REQUEST_FAILED,,,,,
78935407,REQUEST_FAILED,,,,,
78935419,REQUEST_FAILED,,,,,
78935429,REQUEST_FAILED,,,,,
78935448,REQUEST_FAILED,,,,,
78935471,REQUEST_FAILED,,,,,
78935472,REQUEST_FAILED,,,,,
78935489,REQUEST_FAILED,,,,,
78935491,REQUEST_FAILED,,,,,
78935500,REQUEST_FAILED,,,,,
78935504,REQUEST_FAILED,,,,,
78935505,REQUEST_FAILED,,,,,
78935509,REQUEST_FAILED,,,,,
78935513,REQUEST_FAILED,,,,,
78935515,REQUEST_FAILED,,,,,
78935518,REQUEST_FAILED,,,,,
78935527,REQUEST_FAILED,,,,,
78935538,REQUEST_FAILED,,,,,
78935547,REQUEST_FAILED,,,,,
78935570,deadAbandoned,NAGCA YOUR ONE STOP SOURCE FOR JEEP GRAND CHEROKEE INFORMATION,"Jul. 05, 2007",Clay Cissell,,clay@nagca.com
78935560,REQUEST_FAILED,,,,,
78935563,REQUEST_FAILED,,,,,
78935566,REQUEST_FAILED,,,,,
78935569,REQUEST_FAILED,,,,,
78935595,deadAbandoned,ITRANSFECT,"Nov. 30, 2007",BP Biotech LLC,,
78935571,REQUEST_FAILED,,,,,
78935583,REQUEST_FAILED,,,,,
78935584,REQUEST_FAILED,,,,,
78935600,REQUEST_FAILED,,,,,
78935597,REQUEST_FAILED,,,,,
78935611,REQUEST_FAILED,,,,,
78935646,REQUEST_FAILED,,,,,
78935651,REQUEST_FAILED,,,,,
78935657,REQUEST_FAILED,,,,,
78935659,REQUEST_FAILED,,,,,
78935663,REQUEST_FAILED,,,,,
78935725,REQUEST_FAILED,,,,,
78935748,REQUEST_FAILED,,,,,
78935760,REQUEST_FAILED,,,,,
78935831,REQUEST_FAILED,,,,,
78935847,REQUEST_FAILED,,,,,
78935848,REQUEST_FAILED,,,,,
78935861,REQUEST_FAILED,,,,,
78935862,REQUEST_FAILED,,,,,
78935868,REQUEST_FAILED,,,,,
78935913,REQUEST_FAILED,,,,,
78935915,REQUEST_FAILED,,,,,
78936114,deadAbandoned,SNOWCOVERED,"Jun. 22, 2007","Snowcovered, Inc.",,admin@snowcovered.com
78936059,deadAbandoned,RTIME,"Jun. 20, 2007",The Real Time Matrix Corporation,,jeff@realtimematrix.com
78935958,REQUEST_FAILED,,,,,
78935978,REQUEST_FAILED,,,,,
78936104,REQUEST_FAILED,,,,,
78936130,REQUEST_FAILED,,,,,
78936118,REQUEST_FAILED,,,,,
78936181,REQUEST_FAILED,,,,,
78936182,REQUEST_FAILED,,,,,
78936224,REQUEST_FAILED,,,,,
78936239,REQUEST_FAILED,,,,,
78936244,REQUEST_FAILED,,,,,
78936250,REQUEST_FAILED,,,,,
78936251,REQUEST_FAILED,,,,,
78936264,REQUEST_FAILED,,,,,
78936314,REQUEST_FAILED,,,,,
78936367,REQUEST_FAILED,,,,,
78936385,REQUEST_FAILED,,,,,
78936438,REQUEST_FAILED,,,,,
78936458,REQUEST_FAILED,,,,,
78936471,REQUEST_FAILED,,,,,
78936473,REQUEST_FAILED,,,,,
78936488,REQUEST_FAILED,,,,,
78936489,REQUEST_FAILED,,,,,
78936501,REQUEST_FAILED,,,,,
78936507,REQUEST_FAILED,,,,,
78936523,REQUEST_FAILED,,,,,
78936528,deadAbandoned,JOKESTAR,"Nov. 20, 2007",Imagination Holdings Pty Ltd,,sarah.wishart@imagination.com.au
78936525,REQUEST_FAILED,,,,,
78936530,REQUEST_FAILED,,,,,
78936531,REQUEST_FAILED,,,,,
78936534,REQUEST_FAILED,,,,,
78936537,REQUEST_FAILED,,,,,
78936542,REQUEST_FAILED,,,,,
78936552,REQUEST_FAILED,,,,,
78936563,REQUEST_FAILED,,,,,
78936570,REQUEST_FAILED,,,,,
78936575,REQUEST_FAILED,,,,,
78936604,REQUEST_FAILED,,,,,
78936625,REQUEST_FAILED,,,,,
78936672,REQUEST_FAILED,,,,,
78936665,REQUEST_FAILED,,,,,
78936678,REQUEST_FAILED,,,,,
78936686,REQUEST_FAILED,,,,,
78936691,REQUEST_FAILED,,,,,
78936693,REQUEST_FAILED,,,,,
78936695,REQUEST_FAILED,,,,,
78936707,REQUEST_FAILED,,,,,
78936715,REQUEST_FAILED,,,,,
78936718,REQUEST_FAILED,,,,,
78936745,REQUEST_FAILED,,,,,
78936746,REQUEST_FAILED,,,,,
78936773,REQUEST_FAILED,,,,,
78936791,REQUEST_FAILED,,,,,
78936840,REQUEST_FAILED,,,,,
78936792,REQUEST_FAILED,,,,,
78936802,REQUEST_FAILED,,,,,
78936857,REQUEST_FAILED,,,,,
78936866,REQUEST_FAILED,,,,,
78936876,REQUEST_FAILED,,,,,
78936891,REQUEST_FAILED,,,,,
78936917,REQUEST_FAILED,,,,,
78936925,REQUEST_FAILED,,,,,
78936926,REQUEST_FAILED,,,,,
78936935,REQUEST_FAILED,,,,,
78936937,REQUEST_FAILED,,,,,
78936942,REQUEST_FAILED,,,,,
78936943,REQUEST_FAILED,,,,,
78936950,REQUEST_FAILED,,,,,
78936958,REQUEST_FAILED,,,,,
78936982,REQUEST_FAILED,,,,,
78937092,REQUEST_FAILED,,,,,
78937093,REQUEST_FAILED,,,,,
78937136,REQUEST_FAILED,,,,,
78937137,REQUEST_FAILED,,,,,
78937138,REQUEST_FAILED,,,,,
78937215,deadAbandoned,EVERYTHING BEHIND THE BUY BUTTON,"Jun. 29, 2007","Damato, Peter M",,pdamato@merchantresource.com
78937154,REQUEST_FAILED,,,,,
78937178,REQUEST_FAILED,,,,,
78937170,REQUEST_FAILED,,,,,
78937194,REQUEST_FAILED,,,,,
78937216,REQUEST_FAILED,,,,,
78937227,REQUEST_FAILED,,,,,
78937229,REQUEST_FAILED,,,,,
78937250,REQUEST_FAILED,,,,,
78937273,REQUEST_FAILED,,,,,
78937278,REQUEST_FAILED,,,,,
78937293,REQUEST_FAILED,,,,,
78937294,REQUEST_FAILED,,,,,
78937306,REQUEST_FAILED,,,,,
78937309,REQUEST_FAILED,,,,,
78937313,REQUEST_FAILED,,,,,
78937325,REQUEST_FAILED,,,,,
78937328,REQUEST_FAILED,,,,,
78937330,REQUEST_FAILED,,,,,
78937355,REQUEST_FAILED,,,,,
78937359,REQUEST_FAILED,,,,,
78937380,REQUEST_FAILED,,,,,
78937393,REQUEST_FAILED,,,,,
78937401,REQUEST_FAILED,,,,,
78937432,REQUEST_FAILED,,,,,
78937438,REQUEST_FAILED,,,,,
78937461,REQUEST_FAILED,,,,,
78937464,REQUEST_FAILED,,,,,
78937465,REQUEST_FAILED,,,,,
78937475,REQUEST_FAILED,,,,,
78937476,REQUEST_FAILED,,,,,
78937479,REQUEST_FAILED,,,,,
78937484,REQUEST_FAILED,,,,,
78937491,REQUEST_FAILED,,,,,
78937493,REQUEST_FAILED,,,,,
78937495,REQUEST_FAILED,,,,,
78937542,REQUEST_FAILED,,,,,
78937512,REQUEST_FAILED,,,,,
78937541,REQUEST_FAILED,,,,,
78937545,REQUEST_FAILED,,,,,
78937552,REQUEST_FAILED,,,,,
78937584,REQUEST_FAILED,,,,,
78937607,REQUEST_FAILED,,,,,
78937589,REQUEST_FAILED,,,,,
78937648,REQUEST_FAILED,,,,,
78937655,REQUEST_FAILED,,,,,
78937660,REQUEST_FAILED,,,,,
78937679,REQUEST_FAILED,,,,,
78937708,REQUEST_FAILED,,,,,
78937718,REQUEST_FAILED,,,,,
78937721,REQUEST_FAILED,,,,,
78937725,REQUEST_FAILED,,,,,
78937736,REQUEST_FAILED,,,,,
78937742,REQUEST_FAILED,,,,,
78937752,REQUEST_FAILED,,,,,
78937754,REQUEST_FAILED,,,,,
78937757,REQUEST_FAILED,,,,,
78937765,REQUEST_FAILED,,,,,
78937773,REQUEST_FAILED,,,,,
78937774,REQUEST_FAILED,,,,,
78937786,REQUEST_FAILED,,,,,
78937782,REQUEST_FAILED,,,,,
78937776,REQUEST_FAILED,,,,,
78937794,REQUEST_FAILED,,,,,
78937798,REQUEST_FAILED,,,,,
78937811,REQUEST_FAILED,,,,,
78937823,REQUEST_FAILED,,,,,
78937854,REQUEST_FAILED,,,,,
78937844,REQUEST_FAILED,,,,,
78937857,REQUEST_FAILED,,,,,
78937858,REQUEST_FAILED,,,,,
78937865,REQUEST_FAILED,,,,,
78937870,REQUEST_FAILED,,,,,
78937875,REQUEST_FAILED,,,,,
78937880,REQUEST_FAILED,,,,,
78937888,REQUEST_FAILED,,,,,
78937893,REQUEST_FAILED,,,,,
78937928,REQUEST_FAILED,,,,,
78937901,REQUEST_FAILED,,,,,
78937995,REQUEST_FAILED,,,,,
78937943,REQUEST_FAILED,,,,,
78938014,REQUEST_FAILED,,,,,
78938027,REQUEST_FAILED,,,,,
78938033,REQUEST_FAILED,,,,,
78938036,REQUEST_FAILED,,,,,
78938041,REQUEST_FAILED,,,,,
78938047,REQUEST_FAILED,,,,,
78938051,REQUEST_FAILED,,,,,
78938053,REQUEST_FAILED,,,,,
78938055,REQUEST_FAILED,,,,,
78938084,REQUEST_FAILED,,,,,
78938074,REQUEST_FAILED,,,,,
78938104,REQUEST_FAILED,,,,,
78938141,REQUEST_FAILED,,,,,
78938144,REQUEST_FAILED,,,,,
78938152,REQUEST_FAILED,,,,,
78938165,REQUEST_FAILED,,,,,
78938206,REQUEST_FAILED,,,,,
78938226,REQUEST_FAILED,,,,,
78938242,REQUEST_FAILED,,,,,
78938255,REQUEST_FAILED,,,,,
78938272,REQUEST_FAILED,,,,,
78938313,REQUEST_FAILED,,,,,
78938331,REQUEST_FAILED,,,,,
78938292,REQUEST_FAILED,,,,,
78938336,REQUEST_FAILED,,,,,
78938342,REQUEST_FAILED,,,,,
78938380,REQUEST_FAILED,,,,,
78938421,REQUEST_FAILED,,,,,
78938381,REQUEST_FAILED,,,,,
78938406,REQUEST_FAILED,,,,,
78938431,REQUEST_FAILED,,,,,
78938441,REQUEST_FAILED,,,,,
78938444,REQUEST_FAILED,,,,,
78938460,REQUEST_FAILED,,,,,
78938451,REQUEST_FAILED,,,,,
78938453,REQUEST_FAILED,,,,,
78938469,REQUEST_FAILED,,,,,
78938471,REQUEST_FAILED,,,,,
78938475,REQUEST_FAILED,,,,,
78938489,REQUEST_FAILED,,,,,
78938485,REQUEST_FAILED,,,,,
78938494,REQUEST_FAILED,,,,,
78938501,REQUEST_FAILED,,,,,
78938500,REQUEST_FAILED,,,,,
78938502,REQUEST_FAILED,,,,,
78938505,REQUEST_FAILED,,,,,
78938508,REQUEST_FAILED,,,,,
78938516,REQUEST_FAILED,,,,,
78938531,REQUEST_FAILED,,,,,
78938524,REQUEST_FAILED,,,,,
78938534,REQUEST_FAILED,,,,,
78938607,REQUEST_FAILED,,,,,
78938593,REQUEST_FAILED,,,,,
78938598,REQUEST_FAILED,,,,,
78938678,REQUEST_FAILED,,,,,
78938627,REQUEST_FAILED,,,,,
78938699,REQUEST_FAILED,,,,,
78938700,REQUEST_FAILED,,,,,
78938752,REQUEST_FAILED,,,,,
78938753,REQUEST_FAILED,,,,,
78938764,REQUEST_FAILED,,,,,
78938769,REQUEST_FAILED,,,,,
78938780,REQUEST_FAILED,,,,,
78938789,REQUEST_FAILED,,,,,
78938788,REQUEST_FAILED,,,,,
78938791,REQUEST_FAILED,,,,,
78938794,REQUEST_FAILED,,,,,
78938801,REQUEST_FAILED,,,,,
78938806,REQUEST_FAILED,,,,,
78938808,REQUEST_FAILED,,,,,
78938811,REQUEST_FAILED,,,,,
78938815,REQUEST_FAILED,,,,,
78938820,REQUEST_FAILED,,,,,
78938823,REQUEST_FAILED,,,,,
78938829,REQUEST_FAILED,,,,,
78938831,REQUEST_FAILED,,,,,
78938830,REQUEST_FAILED,,,,,
78938857,REQUEST_FAILED,,,,,
78938863,REQUEST_FAILED,,,,,
78938890,REQUEST_FAILED,,,,,
78938907,REQUEST_FAILED,,,,,
78938915,REQUEST_FAILED,,,,,
78938909,REQUEST_FAILED,,,,,
78938925,REQUEST_FAILED,,,,,
78938930,REQUEST_FAILED,,,,,
78938937,REQUEST_FAILED,,,,,
78938955,REQUEST_FAILED,,,,,
78938960,REQUEST_FAILED,,,,,
78939003,REQUEST_FAILED,,,,,
78939020,REQUEST_FAILED,,,,,
78939021,REQUEST_FAILED,,,,,
78939025,REQUEST_FAILED,,,,,
78939028,REQUEST_FAILED,,,,,
78939030,REQUEST_FAILED,,,,,
78939055,REQUEST_FAILED,,,,,
78939035,REQUEST_FAILED,,,,,
78939069,REQUEST_FAILED,,,,,
78939072,REQUEST_FAILED,,,,,
78939087,REQUEST_FAILED,,,,,
78939077,REQUEST_FAILED,,,,,
78939101,REQUEST_FAILED,,,,,
78939124,REQUEST_FAILED,,,,,
78939126,REQUEST_FAILED,,,,,
78939128,REQUEST_FAILED,,,,,
78939134,REQUEST_FAILED,,,,,
78939135,REQUEST_FAILED,,,,,
78939136,REQUEST_FAILED,,,,,
78939140,REQUEST_FAILED,,,,,
78939141,REQUEST_FAILED,,,,,
78939144,REQUEST_FAILED,,,,,
78939147,REQUEST_FAILED,,,,,
78939151,REQUEST_FAILED,,,,,
78939171,REQUEST_FAILED,,,,,
78939177,REQUEST_FAILED,,,,,
78939189,REQUEST_FAILED,,,,,
78939196,REQUEST_FAILED,,,,,
78939204,REQUEST_FAILED,,,,,
78939268,REQUEST_FAILED,,,,,
78939276,REQUEST_FAILED,,,,,
78939280,REQUEST_FAILED,,,,,
78939294,REQUEST_FAILED,,,,,
78939295,REQUEST_FAILED,,,,,
78939312,REQUEST_FAILED,,,,,
78939314,REQUEST_FAILED,,,,,
78939318,REQUEST_FAILED,,,,,
78939331,REQUEST_FAILED,,,,,
78939336,REQUEST_FAILED,,,,,
78939348,REQUEST_FAILED,,,,,
78939363,REQUEST_FAILED,,,,,
78939374,REQUEST_FAILED,,,,,
78939409,REQUEST_FAILED,,,,,
78939426,REQUEST_FAILED,,,,,
78939430,REQUEST_FAILED,,,,,
78939432,REQUEST_FAILED,,,,,
78939435,REQUEST_FAILED,,,,,
78939440,REQUEST_FAILED,,,,,
78939441,REQUEST_FAILED,,,,,
78939460,REQUEST_FAILED,,,,,
78939457,REQUEST_FAILED,,,,,
78939477,REQUEST_FAILED,,,,,
78939478,REQUEST_FAILED,,,,,
78939480,REQUEST_FAILED,,,,,
78939483,REQUEST_FAILED,,,,,
78939493,REQUEST_FAILED,,,,,
78939487,REQUEST_FAILED,,,,,
78939494,REQUEST_FAILED,,,,,
78939497,REQUEST_FAILED,,,,,
78939517,REQUEST_FAILED,,,,,
78939526,REQUEST_FAILED,,,,,
78939528,REQUEST_FAILED,,,,,
78939532,REQUEST_FAILED,,,,,
78939538,REQUEST_FAILED,,,,,
78939546,REQUEST_FAILED,,,,,
78939545,REQUEST_FAILED,,,,,
78939548,REQUEST_FAILED,,,,,
78939566,REQUEST_FAILED,,,,,
78939568,REQUEST_FAILED,,,,,
78939573,REQUEST_FAILED,,,,,
78939581,REQUEST_FAILED,,,,,
78939580,REQUEST_FAILED,,,,,
78939583,REQUEST_FAILED,,,,,
78939585,REQUEST_FAILED,,,,,
78939588,REQUEST_FAILED,,,,,
78939589,REQUEST_FAILED,,,,,
78939591,REQUEST_FAILED,,,,,
78939594,REQUEST_FAILED,,,,,
78939601,REQUEST_FAILED,,,,,
78939645,REQUEST_FAILED,,,,,
78939620,REQUEST_FAILED,,,,,
78939636,REQUEST_FAILED,,,,,
78939647,REQUEST_FAILED,,,,,
78939671,REQUEST_FAILED,,,,,
78939695,REQUEST_FAILED,,,,,
78939764,REQUEST_FAILED,,,,,
78939738,REQUEST_FAILED,,,,,
78939807,REQUEST_FAILED,,,,,
78939814,REQUEST_FAILED,,,,,
78939819,REQUEST_FAILED,,,,,
78939821,REQUEST_FAILED,,,,,
78939828,REQUEST_FAILED,,,,,
78939833,REQUEST_FAILED,,,,,
78939843,REQUEST_FAILED,,,,,
78939845,REQUEST_FAILED,,,,,
78939848,REQUEST_FAILED,,,,,
78939854,REQUEST_FAILED,,,,,
78939861,REQUEST_FAILED,,,,,
78939874,REQUEST_FAILED,,,,,
78939873,REQUEST_FAILED,,,,,
78939893,REQUEST_FAILED,,,,,
78939900,REQUEST_FAILED,,,,,
78939901,REQUEST_FAILED,,,,,
78939907,REQUEST_FAILED,,,,,
78939910,REQUEST_FAILED,,,,,
78939912,REQUEST_FAILED,,,,,
78939935,REQUEST_FAILED,,,,,
78939946,REQUEST_FAILED,,,,,
78939950,REQUEST_FAILED,,,,,
78939952,REQUEST_FAILED,,,,,
78939953,REQUEST_FAILED,,,,,
78939958,REQUEST_FAILED,,,,,
78939963,REQUEST_FAILED,,,,,
78939965,REQUEST_FAILED,,,,,
78940004,REQUEST_FAILED,,,,,
78940009,REQUEST_FAILED,,,,,
78940012,REQUEST_FAILED,,,,,
78940016,REQUEST_FAILED,,,,,
78940031,REQUEST_FAILED,,,,,
78940040,REQUEST_FAILED,,,,,
78940046,REQUEST_FAILED,,,,,
78940069,REQUEST_FAILED,,,,,
78940083,REQUEST_FAILED,,,,,
78940085,REQUEST_FAILED,,,,,
78940099,REQUEST_FAILED,,,,,
78940123,REQUEST_FAILED,,,,,
78940114,REQUEST_FAILED,,,,,
78940130,REQUEST_FAILED,,,,,
78940133,REQUEST_FAILED,,,,,
78940134,REQUEST_FAILED,,,,,
78940137,REQUEST_FAILED,,,,,
78940164,REQUEST_FAILED,,,,,
78940170,REQUEST_FAILED,,,,,
78940182,REQUEST_FAILED,,,,,
78940196,REQUEST_FAILED,,,,,
78940212,REQUEST_FAILED,,,,,
78940235,REQUEST_FAILED,,,,,
78940218,REQUEST_FAILED,,,,,
78940224,REQUEST_FAILED,,,,,
78940263,REQUEST_FAILED,,,,,
78940256,REQUEST_FAILED,,,,,
78940272,REQUEST_FAILED,,,,,
78940280,REQUEST_FAILED,,,,,
78940277,REQUEST_FAILED,,,,,
78940283,REQUEST_FAILED,,,,,
78940295,REQUEST_FAILED,,,,,
78940301,REQUEST_FAILED,,,,,
78940316,REQUEST_FAILED,,,,,
78940377,REQUEST_FAILED,,,,,
78940339,REQUEST_FAILED,,,,,
78940321,REQUEST_FAILED,,,,,
78940397,REQUEST_FAILED,,,,,
78940418,REQUEST_FAILED,,,,,
78940442,REQUEST_FAILED,,,,,
78940457,REQUEST_FAILED,,,,,
78940464,REQUEST_FAILED,,,,,
78940453,REQUEST_FAILED,,,,,
78940467,REQUEST_FAILED,,,,,
78940470,REQUEST_FAILED,,,,,
78940494,REQUEST_FAILED,,,,,
78940505,REQUEST_FAILED,,,,,
78940507,REQUEST_FAILED,,,,,
78940509,REQUEST_FAILED,,,,,
78940525,REQUEST_FAILED,,,,,
78940513,REQUEST_FAILED,,,,,
78940530,REQUEST_FAILED,,,,,
78940532,REQUEST_FAILED,,,,,
78940533,REQUEST_FAILED,,,,,
78940534,REQUEST_FAILED,,,,,
78940540,REQUEST_FAILED,,,,,
78940535,REQUEST_FAILED,,,,,
78940550,REQUEST_FAILED,,,,,
78940554,REQUEST_FAILED,,,,,
78940557,REQUEST_FAILED,,,,,
78940572,REQUEST_FAILED,,,,,
78940580,REQUEST_FAILED,,,,,
78940576,REQUEST_FAILED,,,,,
78940582,REQUEST_FAILED,,,,,
78940583,REQUEST_FAILED,,,,,
78940588,REQUEST_FAILED,,,,,
78940589,REQUEST_FAILED,,,,,
78940591,REQUEST_FAILED,,,,,
78940596,REQUEST_FAILED,,,,,
78940598,REQUEST_FAILED,,,,,
78940605,REQUEST_FAILED,,,,,
78940606,REQUEST_FAILED,,,,,
78940611,REQUEST_FAILED,,,,,
78940618,REQUEST_FAILED,,,,,
78940630,REQUEST_FAILED,,,,,
78940644,REQUEST_FAILED,,,,,
78940646,REQUEST_FAILED,,,,,
78940648,REQUEST_FAILED,,,,,
78940647,REQUEST_FAILED,,,,,
78940649,REQUEST_FAILED,,,,,
78940650,REQUEST_FAILED,,,,,
78940652,REQUEST_FAILED,,,,,
78940654,REQUEST_FAILED,,,,,
78940662,REQUEST_FAILED,,,,,
78940664,REQUEST_FAILED,,,,,
78940665,REQUEST_FAILED,,,,,
78940671,REQUEST_FAILED,,,,,
78940675,REQUEST_FAILED,,,,,
78940676,REQUEST_FAILED,,,,,
78940687,REQUEST_FAILED,,,,,
78940691,REQUEST_FAILED,,,,,
78940701,REQUEST_FAILED,,,,,
78940714,REQUEST_FAILED,,,,,
78940723,REQUEST_FAILED,,,,,
78940734,REQUEST_FAILED,,,,,
78940736,REQUEST_FAILED,,,,,
78940740,REQUEST_FAILED,,,,,
78940741,REQUEST_FAILED,,,,,
78940742,REQUEST_FAILED,,,,,
78940752,REQUEST_FAILED,,,,,
78940754,REQUEST_FAILED,,,,,
78940755,REQUEST_FAILED,,,,,
78940760,REQUEST_FAILED,,,,,
78940763,REQUEST_FAILED,,,,,
78940764,REQUEST_FAILED,,,,,
78940769,REQUEST_FAILED,,,,,
78940772,REQUEST_FAILED,,,,,
78940775,REQUEST_FAILED,,,,,
78940780,REQUEST_FAILED,,,,,
78940785,REQUEST_FAILED,,,,,
78940786,REQUEST_FAILED,,,,,
78940787,REQUEST_FAILED,,,,,
78940791,REQUEST_FAILED,,,,,
78940793,REQUEST_FAILED,,,,,
78940789,REQUEST_FAILED,,,,,
78940795,REQUEST_FAILED,,,,,
78940798,REQUEST_FAILED,,,,,
78940799,REQUEST_FAILED,,,,,
78940818,REQUEST_FAILED,,,,,
78940844,REQUEST_FAILED,,,,,
78940843,REQUEST_FAILED,,,,,
78940848,REQUEST_FAILED,,,,,
78940883,REQUEST_FAILED,,,,,
78940891,REQUEST_FAILED,,,,,
78940908,REQUEST_FAILED,,,,,
78940960,REQUEST_FAILED,,,,,
78940932,REQUEST_FAILED,,,,,
78940961,REQUEST_FAILED,,,,,
78940972,REQUEST_FAILED,,,,,
78940973,REQUEST_FAILED,,,,,
78940977,REQUEST_FAILED,,,,,
78940999,REQUEST_FAILED,,,,,
78941006,REQUEST_FAILED,,,,,
78941009,REQUEST_FAILED,,,,,
78941038,REQUEST_FAILED,,,,,
78941060,REQUEST_FAILED,,,,,
78941062,REQUEST_FAILED,,,,,
78941121,REQUEST_FAILED,,,,,
78941122,REQUEST_FAILED,,,,,
78941145,REQUEST_FAILED,,,,,
78941153,REQUEST_FAILED,,,,,
78941160,REQUEST_FAILED,,,,,
78941168,REQUEST_FAILED,,,,,
78941192,REQUEST_FAILED,,,,,
78941207,REQUEST_FAILED,,,,,
78941241,REQUEST_FAILED,,,,,
78941245,REQUEST_FAILED,,,,,
78941251,REQUEST_FAILED,,,,,
78941254,REQUEST_FAILED,,,,,
78941269,REQUEST_FAILED,,,,,
78941307,REQUEST_FAILED,,,,,
78941321,REQUEST_FAILED,,,,,
78941323,REQUEST_FAILED,,,,,
78941357,REQUEST_FAILED,,,,,
78941363,REQUEST_FAILED,,,,,
78941369,REQUEST_FAILED,,,,,
78941373,REQUEST_FAILED,,,,,
78941378,REQUEST_FAILED,,,,,
78941393,REQUEST_FAILED,,,,,
78941396,REQUEST_FAILED,,,,,
78941431,REQUEST_FAILED,,,,,
78941404,REQUEST_FAILED,,,,,
78941448,REQUEST_FAILED,,,,,
78941515,REQUEST_FAILED,,,,,
78941520,REQUEST_FAILED,,,,,
78941547,REQUEST_FAILED,,,,,
78941618,REQUEST_FAILED,,,,,
78941552,REQUEST_FAILED,,,,,
78941628,REQUEST_FAILED,,,,,
78941633,REQUEST_FAILED,,,,,
78941636,REQUEST_FAILED,,,,,
78941643,REQUEST_FAILED,,,,,
78941645,REQUEST_FAILED,,,,,
78941664,REQUEST_FAILED,,,,,
78941667,REQUEST_FAILED,,,,,
78941673,REQUEST_FAILED,,,,,
78941685,REQUEST_FAILED,,,,,
78941686,REQUEST_FAILED,,,,,
78941689,REQUEST_FAILED,,,,,
78941698,REQUEST_FAILED,,,,,
78941696,REQUEST_FAILED,,,,,
78941699,REQUEST_FAILED,,,,,
78941701,REQUEST_FAILED,,,,,
78941704,REQUEST_FAILED,,,,,
78941714,REQUEST_FAILED,,,,,
78941725,REQUEST_FAILED,,,,,
78941720,REQUEST_FAILED,,,,,
78941733,REQUEST_FAILED,,,,,
78941740,REQUEST_FAILED,,,,,
78941743,REQUEST_FAILED,,,,,
78941744,REQUEST_FAILED,,,,,
78941747,REQUEST_FAILED,,,,,
78941752,REQUEST_FAILED,,,,,
78941753,REQUEST_FAILED,,,,,
78941754,REQUEST_FAILED,,,,,
78941756,REQUEST_FAILED,,,,,
78941794,REQUEST_FAILED,,,,,
78941802,REQUEST_FAILED,,,,,
78941805,REQUEST_FAILED,,,,,
78941808,REQUEST_FAILED,,,,,
78941811,REQUEST_FAILED,,,,,
78941817,REQUEST_FAILED,,,,,
78941822,REQUEST_FAILED,,,,,
78941828,REQUEST_FAILED,,,,,
78941833,REQUEST_FAILED,,,,,
78941835,REQUEST_FAILED,,,,,
78941837,REQUEST_FAILED,,,,,
78941838,REQUEST_FAILED,,,,,
78941847,REQUEST_FAILED,,,,,
78941857,REQUEST_FAILED,,,,,
78941862,deadAbandoned,MOMOWAY,"Sep. 25, 2007","Maruczynski, Sebastian",,oto@otosocks.com
78941870,deadAbandoned,LEADING BRANDS OF THE WORLD,"Jun. 27, 2007",Leading Brands of the World Private Limited,,thomas.kastgen@leadingbrandsoftheworld.com
78941858,REQUEST_FAILED,,,,,
78941859,REQUEST_FAILED,,,,,
78941866,REQUEST_FAILED,,,,,
78941871,REQUEST_FAILED,,,,,
78941884,REQUEST_FAILED,,,,,
78941905,REQUEST_FAILED,,,,,
78941899,REQUEST_FAILED,,,,,
78941951,REQUEST_FAILED,,,,,
78942048,deadAbandoned,HERBALEADER,"Dec. 06, 2007","Tosin, Guilherme Baptista",,rickenbacker@runbox.com
78941977,REQUEST_FAILED,,,,,
78942008,REQUEST_FAILED,,,,,
78942033,REQUEST_FAILED,,,,,
78942039,REQUEST_FAILED,,,,,
78942043,REQUEST_FAILED,,,,,
78942056,REQUEST_FAILED,,,,,
78942088,REQUEST_FAILED,,,,,
78942101,REQUEST_FAILED,,,,,
78942099,REQUEST_FAILED,,,,,
78942105,REQUEST_FAILED,,,,,
78942110,REQUEST_FAILED,,,,,
78942122,REQUEST_FAILED,,,,,
78942124,REQUEST_FAILED,,,,,
78942156,REQUEST_FAILED,,,,,
78942165,REQUEST_FAILED,,,,,
78942215,REQUEST_FAILED,,,,,
78942238,REQUEST_FAILED,,,,,
78942252,REQUEST_FAILED,,,,,
78942323,REQUEST_FAILED,,,,,
78942336,REQUEST_FAILED,,,,,
78942353,REQUEST_FAILED,,,,,
78942363,REQUEST_FAILED,,,,,
78942400,REQUEST_FAILED,,,,,
78942450,deadAbandoned,CHRONOCONC,"Aug. 07, 2007","Cramer, Peter A.",,pcramer@andrew.cmu.edu
78942440,REQUEST_FAILED,,,,,
78942477,REQUEST_FAILED,,,,,
78942522,REQUEST_FAILED,,,,,
78942611,REQUEST_FAILED,,,,,
78942622,REQUEST_FAILED,,,,,
78942632,deadAbandoned,PHENTREMINE,"May 08, 2007","RHS Ventures, Inc.",,service@edietpillshop.com
78942635,REQUEST_FAILED,,,,,
78942644,REQUEST_FAILED,,,,,
78942647,REQUEST_FAILED,,,,,
78942671,deadAbandoned,"""PUDDLES"" THE HOT AIR BALLOON, DOGGIE BALLOON","Jun. 28, 2007","McKinney, James Richard",,james_mckinney@mac.com
78942657,REQUEST_FAILED,,,,,
78942673,REQUEST_FAILED,,,,,
78942702,REQUEST_FAILED,,,,,
78942732,deadAbandoned,SPY,"Jun. 18, 2007",cynthia haynes,,herself@gmail.com
78942711,REQUEST_FAILED,,,,,
78942721,REQUEST_FAILED,,,,,
78942714,REQUEST_FAILED,,,,,
78942725,REQUEST_FAILED,,,,,
78942754,deadAbandoned,BETIWIN.COM,"Jul. 05, 2007","C.G. American & International Corporate Alliance, NV",,
78942931,deadAbandoned,"WEBMD SUPPLIES A DIVISION OF MEDICAL INSTITUTIONAL SERVICES, INC","Jul. 03, 2007","Medical Institutional Services, Inc.",,robertmederos@missupplies.com
78942845,REQUEST_FAILED,,,,,
78942927,REQUEST_FAILED,,,,,
78943004,REQUEST_FAILED,,,,,
78943023,REQUEST_FAILED,,,,,
78943047,REQUEST_FAILED,,,,,
78943095,REQUEST_FAILED,,,,,
78943162,REQUEST_FAILED,,,,,
78943299,deadAbandoned,TCR,"Jan. 11, 2007","UNX, Inc., a Delaware Corporation",,stephen.squire@unx.com
78943326,deadAbandoned,ON LINE DESIGN,"Jul. 03, 2007",Ben C. Goolsby,,pgoolsby@msn.com
78943213,REQUEST_FAILED,,,,,
78943290,REQUEST_FAILED,,,,,
78943335,REQUEST_FAILED,,,,,
78943370,REQUEST_FAILED,,,,,
78943376,REQUEST_FAILED,,,,,
78943463,REQUEST_FAILED,,,,,
78943606,REQUEST_FAILED,,,,,
78943675,deadAbandoned,HEAD CRADLE,"Jul. 02, 2007",Donna Watson,,
78943659,REQUEST_FAILED,,,,,
78943690,REQUEST_FAILED,,,,,
78943947,deadAbandoned,MAXIFLEX ADVANCED SURGICAL DEVICES FOR UROLOGY,"Jun. 29, 2007","MaxiFlex, LLC",,sross@maxiflexllc.com
78943806,deadAbandoned,PC3M,"Oct. 02, 2007",Ault International Medical Management,,dault@aim-m.com
78943757,REQUEST_FAILED,,,,,
78943897,REQUEST_FAILED,,,,,
78943917,REQUEST_FAILED,,,,,
78944117,deadAbandoned,SURF,"Jun. 15, 2007","Boyer, Brian",,
78944017,REQUEST_FAILED,,,,,
78944118,REQUEST_FAILED,,,,,
78944165,REQUEST_FAILED,,,,,
78944241,REQUEST_FAILED,,,,,
78944342,REQUEST_FAILED,,,,,
78944664,deadAbandoned,None,"Nov. 29, 2007",Chev's of the 40's,,chevs@chevsofthe40s.com
78944510,REQUEST_FAILED,,,,,
78944669,REQUEST_FAILED,,,,,
78944699,REQUEST_FAILED,,,,,
78944702,REQUEST_FAILED,,,,,
78944745,deadAbandoned,SCHIST FACE,"Dec. 20, 2007",Shaw Russell A,,sspub@reap.org.nz
78944705,REQUEST_FAILED,,,,,
78944781,deadAbandoned,MINISTRY OF BAGS,"Dec. 13, 2007","Sauerwein, Kai",,kaisauerwein@hotmail.com
78944771,REQUEST_FAILED,,,,,
78945016,deadAbandoned,DIGITALEYEZ,"Dec. 13, 2007","Digital Integrator, Inc.",,brianturner@nebula-systems.com
78944996,REQUEST_FAILED,,,,,
78945037,REQUEST_FAILED,,,,,
78945142,deadAbandoned,KIN,"Jul. 05, 2007",Nathan Bogle,,nathan@nathanbogle.com
78945085,REQUEST_FAILED,,,,,
78945193,deadAbandoned,MICROPV PACIFICSOLARTECH,"Dec. 15, 2007",PACIFIC SOLARTECH,,GHUANG@PACIFICSOLARTECH.COM
78945116,REQUEST_FAILED,,,,,
78945148,deadAbandoned,JOURNALING SOFTWARE,"Jul. 06, 2007","Metcalf, Gail",,
78945163,REQUEST_FAILED,,,,,
78945216,REQUEST_FAILED,,,,,
78945228,REQUEST_FAILED,,,,,
78945392,deadAbandoned,SOMNYS,"Dec. 13, 2007","Salient Health Services, LLC",,becky@salienthealthventures.com
78945234,REQUEST_FAILED,,,,,
78945608,deadAbandoned,KO-LEE,"Dec. 13, 2007",KOHLICO BRANDS UK LTD,,ranjna@hotmail.com
78945609,deadAbandoned,WESTERN TRUCK PARTS INC,"Jul. 02, 2007",Western Truck Parts Inc.,,erikmansfield@westerntruckparts.com
78945563,REQUEST_FAILED,,,,,
78945573,REQUEST_FAILED,,,,,
78945593,REQUEST_FAILED,,,,,
78945632,REQUEST_FAILED,,,,,
78945708,deadAbandoned,DFREE PLEDGE,"Nov. 30, 2007","Corporate Community Connections, Inc.",,kwab23@hotmail.com
78945704,deadAbandoned,MAVERICK BEAUTY GOOD SKIN KARMA,"Jul. 10, 2007",JOSHUA WARREN HARRELL,,joshua@reddiamondworldwide.com
78945707,REQUEST_FAILED,,,,,
78945779,deadAbandoned,CHEEHEE,"Dec. 13, 2007","Wong, Edrick",,edrick.wong@gmail.com
78945729,REQUEST_FAILED,,,,,
78945730,REQUEST_FAILED,,,,,
78945831,REQUEST_FAILED,,,,,
78945838,REQUEST_FAILED,,,,,
78945910,deadAbandoned,SHARP SHIRTER,"Dec. 20, 2007","Lachman, Daniel B.",,sharpshirter@gmail.com
78945902,deadAbandoned,EHR CONSULTANTS,"Jul. 09, 2007",Human Service Technology Innovations,,
78945923,deadAbandoned,WILLY STRING,"Nov. 23, 2007","Meherin, Scott",,smeherin@yahoo.com
78945914,REQUEST_FAILED,,,,,
78945944,deadAbandoned,ACENTIA,"Jun. 20, 2007",NRS Corporation,,pacardis@nrscorp.com
78945955,deadAbandoned,BABYMETER,"Jul. 02, 2007","Ullrich, Marc W",,marc@babymeter.com
78945967,deadAbandoned,"SMARTMILK, SMART MILK","Jul. 09, 2007",soltis s m,,mstephensoltis@aol.com
78945933,REQUEST_FAILED,,,,,
78945936,REQUEST_FAILED,,,,,
78945946,REQUEST_FAILED,,,,,
78946126,deadAbandoned,NETNAVE,"Jul. 01, 2007","Johnson, Olvy",,ojohnson@cox.net
78945991,REQUEST_FAILED,,,,,
78946430,deadAbandoned,RUNAWAY,"Jul. 02, 2007",SwitchEasy Limited,,steve@switcheasy.com
78946370,deadAbandoned,MACHINES,"Jul. 09, 2007","Hays, Marcus, G.",,mhays@zvoinc.com
78946557,deadAbandoned,POINTCLEAN,"Dec. 13, 2007","PointClean, Inc.",,bthrailkill@pointclean.com
78946608,REQUEST_FAILED,,,,,
78946674,REQUEST_FAILED,,,,,
78946699,REQUEST_FAILED,,,,,
78946826,deadAbandoned,V L,"Jul. 05, 2007",Gili Mizrahi,,gili777@hotmail.com
78946786,REQUEST_FAILED,,,,,
78946886,deadAbandoned,SOLAR CROSS,"Jul. 03, 2007","Marvin Industries, Inc.",,tcelise@lowylawcorp.com
78946827,REQUEST_FAILED,,,,,
78946895,REQUEST_FAILED,,,,,
78946898,REQUEST_FAILED,,,,,
78946926,deadAbandoned,OVERISE,"Dec. 13, 2007","De Noble, Joseph Anthony",,overise@gmail.com
78946920,REQUEST_FAILED,,,,,
78946947,deadAbandoned,RITMO! THEME PARTY,"Nov. 27, 2007",Roberto Ramirez,,breezwave@yahoo.com
78947071,deadAbandoned,GET YOURS,"Jul. 05, 2007",Amy Barnett,,amy@amybarnett.com
78946983,REQUEST_FAILED,,,,,
78946991,REQUEST_FAILED,,,,,
78947248,deadAbandoned,MACHINE X,"Jul. 06, 2007",Marcus Hays,,mhays@zvoinc.com
78947218,REQUEST_FAILED,,,,,
78947350,REQUEST_FAILED,,,,,
78947487,REQUEST_FAILED,,,,,
78947619,REQUEST_FAILED,,,,,
78947643,REQUEST_FAILED,,,,,
78947672,REQUEST_FAILED,,,,,
78947836,deadAbandoned,PRESIDENT CORPORATION,"Nov. 30, 2007",President Corporation,,presidentscorp@aol.com
78947869,deadAbandoned,TWEEKA,"Jul. 05, 2007","Gutekunst, Brent L",,brent@gutekunst.com
78947906,deadAbandoned,NATURE SCREEN,"Jul. 03, 2007",UV NATURAL INTERNATIONAL PTY LTD,,justlivesay@yahoo.com.au
78947808,REQUEST_FAILED,,,,,
78947961,deadAbandoned,SLEEPY JUICE,"Jul. 03, 2007","POLK, JOHN",,dmullenix@gmail.com
78947931,REQUEST_FAILED,,,,,
78947938,REQUEST_FAILED,,,,,
78947994,deadAbandoned,TRAUSON,"Dec. 27, 2007","TRAUSON (JIANGSU) MEDICAL INSTRUMENT CO., LTD.",,
78948004,deadAbandoned,GOURME,"Jul. 12, 2007",Gourme LLC,,
78947958,REQUEST_FAILED,,,,,
78947995,deadAbandoned,ORTHMED,"Jul. 09, 2007","CHANGZHOU ORTHMED MEDICAL INSTRUMENT CO., LTD.",,
78948017,deadAbandoned,SPOTLITE RADIO PROMOTIONS,"Jul. 05, 2007","Fidget Factory, Inc.",,john@fidgetfactory.com
78948011,REQUEST_FAILED,,,,,
78948021,deadAbandoned,AD RADIO,"Jul. 05, 2007","Fidget Factory, Inc.",,john@fidgetfactory.com
78948016,REQUEST_FAILED,,,,,
78948209,deadAbandoned,AVIR REMOTE SENSING OF CHEMICAL AGENTS,"Jul. 05, 2007","Avir, LLC",,glaufer@avirsensors.com
78948220,deadAbandoned,None,"Jul. 10, 2007","Hughes, John P.",,HughesESI@aol.com
78948248,deadAbandoned,TOVA,"Jul. 05, 2007","Avir, LLC",,glaufer@avirsensors.com
78948088,REQUEST_FAILED,,,,,
78948282,deadAbandoned,CARDIO COMPLETE,"Jul. 10, 2007",Bio Rite Nutritionals L.L.C.,,findrockynow@hotmail.com
78948249,REQUEST_FAILED,,,,,
78948271,REQUEST_FAILED,,,,,
78948306,REQUEST_FAILED,,,,,
78948283,REQUEST_FAILED,,,,,
78948325,REQUEST_FAILED,,,,,
78948414,REQUEST_FAILED,,,,,
78948509,deadAbandoned,TO YOUR HEALTH YOUR VITAL PATHWAY TO COMPLETE NUTRITION,"Jul. 05, 2007",To Your Health,,Roy@tyh.us
78948511,REQUEST_FAILED,,,,,
78948546,REQUEST_FAILED,,,,,
78948884,deadAbandoned,MATEWAY,"Dec. 13, 2007",Imperio Guaraní S.A.,,jorgeangulo1@gmail.com
78948846,deadAbandoned,DOLCE VITA,"Jul. 06, 2007",Imperio Guaraní S.A.,,jorgeangulo1@gmail.com
78948857,deadAbandoned,STEVIAWAY,"Dec. 13, 2007",Imperio Guaraní S.A.,,jorgeangulo1@gmail.com
78948797,REQUEST_FAILED,,,,,
78948975,deadAbandoned,SUPOST,"Jul. 05, 2007",Shazia Khan,,supostinc@gmail.com
78948938,REQUEST_FAILED,,,,,
78948954,REQUEST_FAILED,,,,,
78949016,deadAbandoned,EZPRIMERS,"Nov. 23, 2007","Rosenthal, Hanaan",,hanaan@mac.com
78949026,deadAbandoned,BAZZA,"Jul. 06, 2007",Eastcoast Australia Pty Ltd,,barry@eastcoastaust.com.au
78948993,REQUEST_FAILED,,,,,
78948997,REQUEST_FAILED,,,,,
78949023,deadAbandoned,PROJECT EARTH FOUNDATION,"Jul. 06, 2007",Oberon Studios,,duane0621@gmail.com
78949007,REQUEST_FAILED,,,,,
78949084,deadAbandoned,TOASTER TWEEZERS,"Jul. 06, 2007","Eby, Benjamin D.",,
78949055,REQUEST_FAILED,,,,,
78949086,REQUEST_FAILED,,,,,
78949090,REQUEST_FAILED,,,,,
78949138,REQUEST_FAILED,,,,,
78949206,REQUEST_FAILED,,,,,
78949466,deadAbandoned,TOKEN,"Dec. 20, 2007","Lin, Su-Hwei",,suhwei@manhattanportage.com
78949341,REQUEST_FAILED,,,,,
78949443,REQUEST_FAILED,,,,,
78949702,deadAbandoned,MAKE HER SAY YES!,"Dec. 27, 2007",United Diamonds Inc.,,sales@uniteddiamonds.com
78949745,deadAbandoned,360 AFRIKA LIVE,"Jul. 13, 2007",African News & Entertainment Network Corporation,,aonianwah@apexpetroleum.com
78949680,deadAbandoned,DUOPTIX,"Aug. 20, 2007","Myung, David",,djmyung@stanford.edu
78949712,REQUEST_FAILED,,,,,
78949915,deadAbandoned,RITMO! FOR KIDS - SHARE THE RHYTHM,"May 16, 2007","Ramirez, Roberto",,breezwave@yahoo.com
78949835,REQUEST_FAILED,,,,,
78949912,deadAbandoned,LEADLANDER,"Jul. 10, 2007","LeadLander, Inc.",,mschon@leadlander.com
78949922,deadAbandoned,ESPRESSO TO GO! MOBILE CAFE,"Jan. 16, 2007",Hursle Pty Ltd,,info@espressotogo.com.au
78949964,deadAbandoned,THE CLEAT COVER,"Jul. 09, 2007","Hoffman, Peter B.",,
78949893,REQUEST_FAILED,,,,,
78949904,REQUEST_FAILED,,,,,
78950206,deadAbandoned,None,"Dec. 13, 2007","Recording for the Blind & Dyslexic, Incorporated",,
78950093,REQUEST_FAILED,,,,,
78950148,deadAbandoned,FINE NEW HOMES,"Jul. 18, 2007","Fine New Homes, LLC",,
78950132,REQUEST_FAILED,,,,,
78950309,REQUEST_FAILED,,,,,
78950311,REQUEST_FAILED,,,,,
78950467,REQUEST_FAILED,,,,,
78950703,REQUEST_FAILED,,,,,
78950708,REQUEST_FAILED,,,,,
78950850,deadAbandoned,WALBUM,"Jul. 09, 2007",david waldman,,info@walbum.co.uk
78950794,REQUEST_FAILED,,,,,
78950818,REQUEST_FAILED,,,,,
78950846,REQUEST_FAILED,,,,,
78950949,deadAbandoned,ORTHO TV,"Jul. 09, 2007","Stubbs, Allston J",,stubbs_aj@hotmail.com
78950902,deadAbandoned,JANE FM,"Jul. 10, 2007",MARSHALL ARTS COMMUNICATIONS,,tonyflorentino@gmail.com
78950956,deadAbandoned,THE WORLD ASS BANK,"Dec. 27, 2007","Green, Benjamin M.",,nolimitjp@yahoo.com
78950927,REQUEST_FAILED,,,,,
78950962,deadAbandoned,SKYPOKER,"May 21, 2007","Webb-Jones, Anthony Philip DBA Sky Poker Ltd.",,tonyjones@skypoker.com
78950945,REQUEST_FAILED,,,,,
78950952,REQUEST_FAILED,,,,,
78950966,deadAbandoned,UNDERWORLD RECORDS INC.,"Jul. 12, 2007",charard johnson,,cmd68@aol.com
78951006,deadAbandoned,VITASLIM,"Jul. 14, 2007",vitaslim,,fredericgerin@free.fr
78950960,REQUEST_FAILED,,,,,
78950969,REQUEST_FAILED,,,,,
78951029,deadAbandoned,HARLEM VIXEN,"Jul. 10, 2007","CARTER, LAQUANDA-DAITONA M",,LAQUANDAMCARTER@yahoo.com
78950993,REQUEST_FAILED,,,,,
78951061,REQUEST_FAILED,,,,,
78951052,REQUEST_FAILED,,,,,
78951125,deadAbandoned,CANEO,"Jul. 10, 2007","METAYER, Benoît",,contact@enbuso-distribution.com
78951145,deadAbandoned,LIQUID U.S. CORPORATE INDEX,"Jul. 05, 2007",Credit Suisse Securities (USA) LLC,,
78951093,REQUEST_FAILED,,,,,
78951105,REQUEST_FAILED,,,,,
78951147,deadAbandoned,LIQUID EUROBOND INDEX,"Jul. 05, 2007",Credit Suisse Securities (USA) LLC,,
78951137,REQUEST_FAILED,,,,,
78951166,REQUEST_FAILED,,,,,
78951301,REQUEST_FAILED,,,,,
78951361,REQUEST_FAILED,,,,,
78951367,REQUEST_FAILED,,,,,
78951452,REQUEST_FAILED,,,,,
78951555,deadAbandoned,BLUESKAT,"Dec. 27, 2007","Giardina, Vincent V.",,digvisgrp@hotmail.com
78951602,deadAbandoned,D|B DIVINE BEAUTY,"Jul. 10, 2007","Passionate Purpose, LLC",,syberine@yahoo.com
78951570,REQUEST_FAILED,,,,,
78951623,REQUEST_FAILED,,,,,
78951767,deadAbandoned,NIRVANA SWING,"Aug. 03, 2007","Nirvana Swing Company, LLC",,james.howle@nirvanaswing.com
78951661,REQUEST_FAILED,,,,,
78951690,REQUEST_FAILED,,,,,
78951823,REQUEST_FAILED,,,,,
78951914,deadAbandoned,MY LITTLE GOURMET CHEESECAKE,"Jul. 10, 2007","Frost,James D",,myminicake@optonline.net
78951900,deadAbandoned,MOUNTAIN VIEW SPRING WATER,"Jul. 09, 2007",mountain view spring water,,shanebwheeler@aol.com
78951923,deadAbandoned,YOGA TRIBE,"Jul. 19, 2007",The Tribal Vision Group LLC,,carmena@yogatribeandculture.com
78951949,deadAbandoned,FIRST TUESDAY,"Jul. 18, 2007",First Tuesday Operations,,mike@firsttuesday.com
78951901,REQUEST_FAILED,,,,,
78951951,deadAbandoned,"FLASHLASER, FLASH LASER, FLASHLASERS, FLASH LASERS","Jul. 12, 2007","Tao, Xiao Pei",,wicked@wickedlasers.com
78952016,deadAbandoned,SERT SECURE EXTENDED REACH TERMINAL,"Jul. 12, 2007","Arrowhead Global Solutions, Inc",,qasim.rana@arrowhead.com
78952058,deadAbandoned,STRATEGIC WEALTH MANAGEMENT REGISTERED INVESTMENT ADVISOR,"Jul. 18, 2007","Strategic Wealth Management, LLC",,
78952234,deadAbandoned,OCTAGON GIRLS TAP THIS,"Feb. 05, 2007","Fulcher, Michael",,
78952035,REQUEST_FAILED,,,,,
78952270,deadAbandoned,VIRTUSPOT,"Oct. 23, 2007",Gigahost,,gigahost@gigahost.dk
78952239,deadAbandoned,BOTOCAINE,"Dec. 18, 2007",M.D. Intensive,,johnhanwu@gmail.com
78952375,deadAbandoned,WESTCHESTER NATIONAL BANK,"Jul. 18, 2007","Westchester Rockland Funding, LLC",,
78952449,deadAbandoned,RIDEBAY,"Jun. 07, 2007","Modernet, Inc.",,joe@ridebay.com
78952260,REQUEST_FAILED,,,,,
78952295,REQUEST_FAILED,,,,,
78952529,REQUEST_FAILED,,,,,
78952597,REQUEST_FAILED,,,,,
78952755,deadAbandoned,GREENSTAR,"Dec. 27, 2007",GreenStar Home Loans,,michaelb@greenstarhomeloans.com
78952761,deadAbandoned,ALLIED WALLET,"Jul. 18, 2007","E-PAYMENT SOLUTIONS, INC.",,dean@dean.us
78952745,REQUEST_FAILED,,,,,
78952841,deadAbandoned,TRANSFORMOTION,"Sep. 13, 2007","Mathern, Bryce A.",,brycemathern@hotmail.com
78952825,REQUEST_FAILED,,,,,
78952859,REQUEST_FAILED,,,,,
78952895,REQUEST_FAILED,,,,,
78952908,deadAbandoned,HALLOWEEN,"Jun. 24, 2007",Imagination Holdings Pty Ltd,,sarah.wishart@imagination.com.au
78952951,deadAbandoned,MOJADA,"Jul. 10, 2007",Marc Yellin,,saltwaterdream@yahoo.com
78952992,deadAbandoned,BLUE ROOF SPRINKLER SYSTEM'S,"Jul. 18, 2007",derek wade smith,,kingofmphs02@yahoo.com
78952993,REQUEST_FAILED,,,,,
78953007,REQUEST_FAILED,,,,,
78953133,REQUEST_FAILED,,,,,
78953288,deadAbandoned,ADIA DIAMONDS,"Jul. 12, 2007","Adia Diamonds, LLC",,info@adiadiamonds.com
78953201,REQUEST_FAILED,,,,,
78953319,deadAbandoned,ADIA LABORATORY CREATED DIAMONDS,"Jul. 12, 2007","Adia Diamonds, LLC",,info@adiadiamonds.com
78953243,REQUEST_FAILED,,,,,
78953471,deadAbandoned,DIAMOND DECKS,"Jul. 18, 2007",Parody Productions LLC,,eb@parodycards.com
78953390,REQUEST_FAILED,,,,,
78953440,REQUEST_FAILED,,,,,
78953531,REQUEST_FAILED,,,,,
78953708,deadAbandoned,QUILT IN A DAY,"Jul. 23, 2007","Burns, Orion L. with Quilt in a Day",,
78953687,deadAbandoned,CELESTIAL LIGHTING,"Jul. 17, 2007","Hahn Studios, Inc.",,andrewhahn@hahnmoldings.com
78953576,REQUEST_FAILED,,,,,
78953644,REQUEST_FAILED,,,,,
78953829,REQUEST_FAILED,,,,,
78953905,deadAbandoned,GARAGE DOOR SCREEN,"Jul. 10, 2007","Miller, SR, Marvin F.",,CarolynMarv@aol.com
78953867,REQUEST_FAILED,,,,,
78953909,deadAbandoned,KITTY MAC,"Jul. 10, 2007","Miller, SR, Marvin F.",,CarolynMarv@aol.com
78953879,REQUEST_FAILED,,,,,
78953882,REQUEST_FAILED,,,,,
78953942,REQUEST_FAILED,,,,,
78953987,REQUEST_FAILED,,,,,
78954300,deadAbandoned,SPAY DAY U*S*A,"Aug. 02, 2007",Doris Day Animal League,,Jaber@hsus.org
78954268,REQUEST_FAILED,,,,,
78954302,REQUEST_FAILED,,,,,
78954407,deadAbandoned,BEYOND PLUS,"Dec. 27, 2007",SEA BREEZE INC.,,
78954392,REQUEST_FAILED,,,,,
78954394,REQUEST_FAILED,,,,,
78954402,REQUEST_FAILED,,,,,
78954444,REQUEST_FAILED,,,,,
78954488,deadAbandoned,DEKALBZONING.COM,"Jul. 19, 2007","Belton, Blair N.",,bbelton@mindspring.com
78954467,REQUEST_FAILED,,,,,
78954527,deadAbandoned,DOMIN8,"Nov. 30, 2007","Brant, Robin",,brant5studios@yahoo.com
78954565,deadAbandoned,SPICTACULAR,"Jul. 19, 2007",World Movement Ltd. Co,,info@spictacular.com
78954588,REQUEST_FAILED,,,,,
78954612,REQUEST_FAILED,,,,,
78954818,deadAbandoned,SOFTI TENDER RAWHIDE TREAT,"Jul. 20, 2007","DISCOE, JUSTIN MR.",,
78954664,REQUEST_FAILED,,,,,
78954846,deadAbandoned,10REAL,"Jul. 13, 2007",Gourvest Eric,,eric.gourvest@wanadoo.fr
78954816,REQUEST_FAILED,,,,,
78954866,REQUEST_FAILED,,,,,
78954893,REQUEST_FAILED,,,,,
78954902,REQUEST_FAILED,,,,,
78954906,REQUEST_FAILED,,,,,
78954920,REQUEST_FAILED,,,,,
78954956,REQUEST_FAILED,,,,,
78954967,REQUEST_FAILED,,,,,
78954959,REQUEST_FAILED,,,,,
78955050,deadAbandoned,THEINHARDT,"Jul. 26, 2007","Rappo, François",,j_fran_rappo@bluewin.ch
78955011,REQUEST_FAILED,,,,,
78955090,REQUEST_FAILED,,,,,
78955121,REQUEST_FAILED,,,,,
78955155,REQUEST_FAILED,,,,,
78955212,deadAbandoned,PRAYER TONES,"May 30, 2007","Viva Vision, Inc.",,
78955197,REQUEST_FAILED,,,,,
78955203,REQUEST_FAILED,,,,,
78955244,REQUEST_FAILED,,,,,
78955283,REQUEST_FAILED,,,,,
78955304,REQUEST_FAILED,,,,,
78955312,REQUEST_FAILED,,,,,
78955389,deadAbandoned,THE ALPHA MAN,"Jul. 14, 2007",Sarpong June,,jsarpong1@yahoo.co.uk
78955346,REQUEST_FAILED,,,,,
78955350,REQUEST_FAILED,,,,,
78955371,REQUEST_FAILED,,,,,
78955369,REQUEST_FAILED,,,,,
78955422,REQUEST_FAILED,,,,,
78955410,REQUEST_FAILED,,,,,
78955424,REQUEST_FAILED,,,,,
78955449,REQUEST_FAILED,,,,,
78955496,REQUEST_FAILED,,,,,
78955560,REQUEST_FAILED,,,,,
78955559,REQUEST_FAILED,,,,,
78955602,REQUEST_FAILED,,,,,
78955642,REQUEST_FAILED,,,,,
78955675,REQUEST_FAILED,,,,,
78955698,REQUEST_FAILED,,,,,
78955704,REQUEST_FAILED,,,,,
78955713,REQUEST_FAILED,,,,,
78955719,REQUEST_FAILED,,,,,
78955726,REQUEST_FAILED,,,,,
78955732,REQUEST_FAILED,,,,,
78955768,REQUEST_FAILED,,,,,
78955775,REQUEST_FAILED,,,,,
78955781,REQUEST_FAILED,,,,,
78955785,REQUEST_FAILED,,,,,
78955789,REQUEST_FAILED,,,,,
78955816,REQUEST_FAILED,,,,,
78955823,REQUEST_FAILED,,,,,
78955826,REQUEST_FAILED,,,,,
78955830,REQUEST_FAILED,,,,,
78955833,REQUEST_FAILED,,,,,
78955838,REQUEST_FAILED,,,,,
78955840,REQUEST_FAILED,,,,,
78955849,REQUEST_FAILED,,,,,
78955851,REQUEST_FAILED,,,,,
78955854,REQUEST_FAILED,,,,,
78955856,REQUEST_FAILED,,,,,
78955860,REQUEST_FAILED,,,,,
78955859,REQUEST_FAILED,,,,,
78955866,REQUEST_FAILED,,,,,
78955870,REQUEST_FAILED,,,,,
78955874,REQUEST_FAILED,,,,,
78955877,REQUEST_FAILED,,,,,
78955885,REQUEST_FAILED,,,,,
78955881,REQUEST_FAILED,,,,,
78955889,REQUEST_FAILED,,,,,
78955891,REQUEST_FAILED,,,,,
78955890,REQUEST_FAILED,,,,,
78955892,REQUEST_FAILED,,,,,
78955896,REQUEST_FAILED,,,,,
78955894,REQUEST_FAILED,,,,,
78955907,REQUEST_FAILED,,,,,
78955908,REQUEST_FAILED,,,,,
78955917,REQUEST_FAILED,,,,,
78955911,REQUEST_FAILED,,,,,
78955927,REQUEST_FAILED,,,,,
78955923,REQUEST_FAILED,,,,,
78955937,REQUEST_FAILED,,,,,
78955938,REQUEST_FAILED,,,,,
78955952,REQUEST_FAILED,,,,,
78955944,REQUEST_FAILED,,,,,
78955954,REQUEST_FAILED,,,,,
78955965,REQUEST_FAILED,,,,,
78955966,REQUEST_FAILED,,,,,
78955967,REQUEST_FAILED,,,,,
78955972,REQUEST_FAILED,,,,,
78955980,REQUEST_FAILED,,,,,
78955982,REQUEST_FAILED,,,,,
78955984,REQUEST_FAILED,,,,,
78955985,REQUEST_FAILED,,,,,
78955988,REQUEST_FAILED,,,,,
78955987,REQUEST_FAILED,,,,,
78955989,REQUEST_FAILED,,,,,
78955991,REQUEST_FAILED,,,,,
78955992,REQUEST_FAILED,,,,,
78955994,REQUEST_FAILED,,,,,
78955996,REQUEST_FAILED,,,,,
78955995,REQUEST_FAILED,,,,,
78955997,REQUEST_FAILED,,,,,
78956020,REQUEST_FAILED,,,,,
78956024,REQUEST_FAILED,,,,,
78956026,REQUEST_FAILED,,,,,
78956025,REQUEST_FAILED,,,,,
78956035,REQUEST_FAILED,,,,,
78956041,REQUEST_FAILED,,,,,
78956037,REQUEST_FAILED,,,,,
78956046,REQUEST_FAILED,,,,,
78956071,REQUEST_FAILED,,,,,
78956048,REQUEST_FAILED,,,,,
78956081,REQUEST_FAILED,,,,,
78956094,REQUEST_FAILED,,,,,
78956095,REQUEST_FAILED,,,,,
78956096,REQUEST_FAILED,,,,,
78956103,REQUEST_FAILED,,,,,
78956115,REQUEST_FAILED,,,,,
78956117,REQUEST_FAILED,,,,,
78956118,REQUEST_FAILED,,,,,
78956121,REQUEST_FAILED,,,,,
78956134,REQUEST_FAILED,,,,,
78956151,REQUEST_FAILED,,,,,
78956148,REQUEST_FAILED,,,,,
78956155,REQUEST_FAILED,,,,,
78956156,REQUEST_FAILED,,,,,
78956162,REQUEST_FAILED,,,,,
78956180,REQUEST_FAILED,,,,,
78956198,REQUEST_FAILED,,,,,
78956291,REQUEST_FAILED,,,,,
78956353,REQUEST_FAILED,,,,,
78956296,REQUEST_FAILED,,,,,
78956354,REQUEST_FAILED,,,,,
78956355,REQUEST_FAILED,,,,,
78956371,REQUEST_FAILED,,,,,
78956380,REQUEST_FAILED,,,,,
78956387,REQUEST_FAILED,,,,,
78956388,REQUEST_FAILED,,,,,
78956404,REQUEST_FAILED,,,,,
78956413,REQUEST_FAILED,,,,,
78956419,REQUEST_FAILED,,,,,
78956451,REQUEST_FAILED,,,,,
78956472,REQUEST_FAILED,,,,,
78956489,REQUEST_FAILED,,,,,
78956492,REQUEST_FAILED,,,,,
78956508,REQUEST_FAILED,,,,,
78956515,REQUEST_FAILED,,,,,
78956555,REQUEST_FAILED,,,,,
78956574,REQUEST_FAILED,,,,,
78956528,REQUEST_FAILED,,,,,
78956530,REQUEST_FAILED,,,,,
78956607,REQUEST_FAILED,,,,,
78956610,REQUEST_FAILED,,,,,
78956613,REQUEST_FAILED,,,,,
78956640,REQUEST_FAILED,,,,,
78956611,REQUEST_FAILED,,,,,
78956623,REQUEST_FAILED,,,,,
78956641,REQUEST_FAILED,,,,,
78956642,REQUEST_FAILED,,,,,
78956650,REQUEST_FAILED,,,,,
78956653,REQUEST_FAILED,,,,,
78956646,REQUEST_FAILED,,,,,
78956666,REQUEST_FAILED,,,,,
78956692,REQUEST_FAILED,,,,,
78956705,REQUEST_FAILED,,,,,
78956714,REQUEST_FAILED,,,,,
78956715,REQUEST_FAILED,,,,,
78956725,REQUEST_FAILED,,,,,
78956748,REQUEST_FAILED,,,,,
78956773,REQUEST_FAILED,,,,,
78956799,REQUEST_FAILED,,,,,
78956819,REQUEST_FAILED,,,,,
78956837,REQUEST_FAILED,,,,,
78956816,REQUEST_FAILED,,,,,
78956895,REQUEST_FAILED,,,,,
78956899,REQUEST_FAILED,,,,,
78956902,REQUEST_FAILED,,,,,
78956934,REQUEST_FAILED,,,,,
78956912,REQUEST_FAILED,,,,,
78956923,REQUEST_FAILED,,,,,
78956945,REQUEST_FAILED,,,,,
78956951,REQUEST_FAILED,,,,,
78956956,REQUEST_FAILED,,,,,
78956970,REQUEST_FAILED,,,,,
78956982,REQUEST_FAILED,,,,,
78956987,REQUEST_FAILED,,,,,
78956993,REQUEST_FAILED,,,,,
78956994,REQUEST_FAILED,,,,,
78957030,REQUEST_FAILED,,,,,
78957037,REQUEST_FAILED,,,,,
78957051,REQUEST_FAILED,,,,,
78957052,REQUEST_FAILED,,,,,
78957059,REQUEST_FAILED,,,,,
78957064,REQUEST_FAILED,,,,,
78957053,REQUEST_FAILED,,,,,
78957067,REQUEST_FAILED,,,,,
78957082,REQUEST_FAILED,,,,,
78957084,REQUEST_FAILED,,,,,
78957113,REQUEST_FAILED,,,,,
78957127,REQUEST_FAILED,,,,,
78957129,REQUEST_FAILED,,,,,
78957133,REQUEST_FAILED,,,,,
78957141,REQUEST_FAILED,,,,,
78957142,REQUEST_FAILED,,,,,
78957147,REQUEST_FAILED,,,,,
78957148,REQUEST_FAILED,,,,,
78957149,REQUEST_FAILED,,,,,
78957161,REQUEST_FAILED,,,,,
78957162,REQUEST_FAILED,,,,,
78957163,REQUEST_FAILED,,,,,
78957197,REQUEST_FAILED,,,,,
78957196,REQUEST_FAILED,,,,,
78957198,REQUEST_FAILED,,,,,
78957199,REQUEST_FAILED,,,,,
78957223,REQUEST_FAILED,,,,,
78957252,REQUEST_FAILED,,,,,
78957260,REQUEST_FAILED,,,,,
78957312,REQUEST_FAILED,,,,,
78957320,REQUEST_FAILED,,,,,
78957322,REQUEST_FAILED,,,,,
78957325,REQUEST_FAILED,,,,,
78957358,REQUEST_FAILED,,,,,
78957366,REQUEST_FAILED,,,,,
78957375,REQUEST_FAILED,,,,,
78957399,REQUEST_FAILED,,,,,
78957407,REQUEST_FAILED,,,,,
78957447,REQUEST_FAILED,,,,,
78957449,REQUEST_FAILED,,,,,
78957464,REQUEST_FAILED,,,,,
78957479,REQUEST_FAILED,,,,,
78957501,REQUEST_FAILED,,,,,
78957505,REQUEST_FAILED,,,,,
78957513,REQUEST_FAILED,,,,,
78957536,REQUEST_FAILED,,,,,
78957565,REQUEST_FAILED,,,,,
78957568,REQUEST_FAILED,,,,,
78957572,REQUEST_FAILED,,,,,
78957611,REQUEST_FAILED,,,,,
78957629,REQUEST_FAILED,,,,,
78957655,REQUEST_FAILED,,,,,
78957687,REQUEST_FAILED,,,,,
78957698,REQUEST_FAILED,,,,,
78957694,REQUEST_FAILED,,,,,
78957756,REQUEST_FAILED,,,,,
78957761,REQUEST_FAILED,,,,,
78957810,REQUEST_FAILED,,,,,
78957818,REQUEST_FAILED,,,,,
78957836,REQUEST_FAILED,,,,,
78957823,REQUEST_FAILED,,,,,
78957864,REQUEST_FAILED,,,,,
78957868,REQUEST_FAILED,,,,,
78957869,REQUEST_FAILED,,,,,
78957870,REQUEST_FAILED,,,,,
78957884,REQUEST_FAILED,,,,,
78957872,REQUEST_FAILED,,,,,
78957885,REQUEST_FAILED,,,,,
78957894,REQUEST_FAILED,,,,,
78957890,REQUEST_FAILED,,,,,
78957901,REQUEST_FAILED,,,,,
78957971,REQUEST_FAILED,,,,,
78957914,REQUEST_FAILED,,,,,
78957980,REQUEST_FAILED,,,,,
78958000,REQUEST_FAILED,,,,,
78957999,REQUEST_FAILED,,,,,
78958030,REQUEST_FAILED,,,,,
78958046,REQUEST_FAILED,,,,,
78958039,REQUEST_FAILED,,,,,
78958055,REQUEST_FAILED,,,,,
78958062,REQUEST_FAILED,,,,,
78958061,REQUEST_FAILED,,,,,
78958070,REQUEST_FAILED,,,,,
78958074,REQUEST_FAILED,,,,,
78958073,REQUEST_FAILED,,,,,
78958076,REQUEST_FAILED,,,,,
78958077,REQUEST_FAILED,,,,,
78958078,REQUEST_FAILED,,,,,
78958093,REQUEST_FAILED,,,,,
78958100,REQUEST_FAILED,,,,,
78958099,REQUEST_FAILED,,,,,
78958145,REQUEST_FAILED,,,,,
78958156,REQUEST_FAILED,,,,,
78958152,REQUEST_FAILED,,,,,
78958157,REQUEST_FAILED,,,,,
78958160,REQUEST_FAILED,,,,,
78958165,REQUEST_FAILED,,,,,
78958176,REQUEST_FAILED,,,,,
78958171,REQUEST_FAILED,,,,,
78958174,REQUEST_FAILED,,,,,
78958182,REQUEST_FAILED,,,,,
78958183,REQUEST_FAILED,,,,,
78958184,REQUEST_FAILED,,,,,
78958185,REQUEST_FAILED,,,,,
78958191,REQUEST_FAILED,,,,,
78958198,REQUEST_FAILED,,,,,
78958205,REQUEST_FAILED,,,,,
78958237,REQUEST_FAILED,,,,,
78958232,REQUEST_FAILED,,,,,
78958240,REQUEST_FAILED,,,,,
78958246,REQUEST_FAILED,,,,,
78958248,REQUEST_FAILED,,,,,
78958263,REQUEST_FAILED,,,,,
78958281,REQUEST_FAILED,,,,,
78958279,REQUEST_FAILED,,,,,
78958284,REQUEST_FAILED,,,,,
78958295,REQUEST_FAILED,,,,,
78958298,REQUEST_FAILED,,,,,
78958300,REQUEST_FAILED,,,,,
78958311,REQUEST_FAILED,,,,,
78958337,REQUEST_FAILED,,,,,
78958411,REQUEST_FAILED,,,,,
78958361,REQUEST_FAILED,,,,,
78958416,REQUEST_FAILED,,,,,
78958451,REQUEST_FAILED,,,,,
78958465,REQUEST_FAILED,,,,,
78958466,REQUEST_FAILED,,,,,
78958471,REQUEST_FAILED,,,,,
78958474,REQUEST_FAILED,,,,,
78958483,REQUEST_FAILED,,,,,
78958490,REQUEST_FAILED,,,,,
78958491,REQUEST_FAILED,,,,,
78958508,REQUEST_FAILED,,,,,
78958521,REQUEST_FAILED,,,,,
78958523,REQUEST_FAILED,,,,,
78958528,REQUEST_FAILED,,,,,
78958542,REQUEST_FAILED,,,,,
78958618,REQUEST_FAILED,,,,,
78958627,REQUEST_FAILED,,,,,
78958664,REQUEST_FAILED,,,,,
78958650,REQUEST_FAILED,,,,,
78958692,REQUEST_FAILED,,,,,
78958711,REQUEST_FAILED,,,,,
78958713,REQUEST_FAILED,,,,,
78958721,REQUEST_FAILED,,,,,
78958822,REQUEST_FAILED,,,,,
78958732,REQUEST_FAILED,,,,,
78958825,REQUEST_FAILED,,,,,
78958849,REQUEST_FAILED,,,,,
78958859,REQUEST_FAILED,,,,,
78958853,REQUEST_FAILED,,,,,
78958878,REQUEST_FAILED,,,,,
78958907,REQUEST_FAILED,,,,,
78958893,REQUEST_FAILED,,,,,
78958889,REQUEST_FAILED,,,,,
78958958,REQUEST_FAILED,,,,,
78958942,REQUEST_FAILED,,,,,
78958967,REQUEST_FAILED,,,,,
78959003,REQUEST_FAILED,,,,,
78959000,REQUEST_FAILED,,,,,
78958975,REQUEST_FAILED,,,,,
78959045,REQUEST_FAILED,,,,,
78959013,REQUEST_FAILED,,,,,
78959049,REQUEST_FAILED,,,,,
78959050,REQUEST_FAILED,,,,,
78959065,REQUEST_FAILED,,,,,
78959059,REQUEST_FAILED,,,,,
78959073,REQUEST_FAILED,,,,,
78959081,REQUEST_FAILED,,,,,
78959084,REQUEST_FAILED,,,,,
78959086,REQUEST_FAILED,,,,,
78959093,REQUEST_FAILED,,,,,
78959097,REQUEST_FAILED,,,,,
78959125,REQUEST_FAILED,,,,,
78959127,REQUEST_FAILED,,,,,
78959133,REQUEST_FAILED,,,,,
78959142,REQUEST_FAILED,,,,,
78959135,REQUEST_FAILED,,,,,
78959146,REQUEST_FAILED,,,,,
78959149,REQUEST_FAILED,,,,,
78959152,REQUEST_FAILED,,,,,
78959157,REQUEST_FAILED,,,,,
78959163,REQUEST_FAILED,,,,,
78959168,REQUEST_FAILED,,,,,
78959159,REQUEST_FAILED,,,,,
78959171,REQUEST_FAILED,,,,,
78959177,REQUEST_FAILED,,,,,
78959188,REQUEST_FAILED,,,,,
78959192,REQUEST_FAILED,,,,,
78959198,REQUEST_FAILED,,,,,
78959210,REQUEST_FAILED,,,,,
78959217,REQUEST_FAILED,,,,,
78959218,REQUEST_FAILED,,,,,
78959220,REQUEST_FAILED,,,,,
